# Blender v2.91.0 OBJ File: 'Spider.blend'
# www.blender.org
mtllib Spider.mtl
o Body_Cube
v 2.066271 0.586938 -0.900024
v 2.161497 -0.322798 -0.900024
v 2.085700 0.575802 0.900024
v 2.170132 -0.327747 0.900024
v 0.750779 0.409368 -0.807701
v 0.835964 -0.436648 -0.807701
v 0.759414 0.404418 0.807702
v 0.838123 -0.437885 0.807702
v 0.272608 -0.656681 0.000000
v 2.401335 0.903178 0.000000
v 0.152850 0.610320 0.000000
v 2.537328 -0.508415 0.000000
v 0.473612 -0.598549 0.494063
v 1.522896 -0.466620 -0.916233
v 2.235710 0.142056 -0.977247
v 0.706439 -0.033988 0.855219
v 2.251841 0.132810 0.977247
v 0.701722 -0.031284 -0.855219
v 1.430666 0.568146 0.916233
v 2.308522 0.801495 0.572387
v 1.527614 -0.469324 0.916233
v 0.361903 0.549831 -0.494063
v 1.414537 0.577392 -0.916233
v 2.422521 -0.458233 -0.572387
v 0.473272 -0.598354 -0.494063
v 2.293532 0.810088 -0.572387
v 0.366370 0.547271 0.494063
v 2.426988 -0.460794 0.572387
v 2.892444 0.238737 0.000000
v 1.428945 -0.833667 0.000000
v -0.210384 -0.064536 -0.000000
v 1.253116 1.007867 0.000000
v 1.318056 0.897455 0.539374
v 1.512293 0.040522 1.047124
v 0.062465 -0.061813 -0.484451
v 1.472805 -0.753579 0.539374
v 2.727396 0.206262 0.594297
v 1.500381 0.047350 -1.047124
v 2.716124 0.212724 -0.594297
v 1.471806 -0.753006 -0.539374
v 0.063465 -0.062386 0.484451
v 1.306782 0.903917 -0.539374
v -1.822150 -0.400626 0.655258
v -1.899447 -0.530631 0.384146
v -1.883470 -0.052740 0.678082
v -1.504740 -0.480204 0.824630
v -0.965272 -0.474035 0.908184
v -1.510785 -0.052740 0.943012
v -1.513808 -0.464296 0.473780
v -1.516831 -0.540132 -0.011599
v -0.965272 -0.457051 0.519843
v -0.965272 -0.532610 -0.013757
v -0.397441 -0.355057 0.443532
v -0.394136 -0.418292 -0.011599
v 0.019619 -0.406614 0.333551
v -0.407355 -0.412719 0.774035
v -0.064889 -0.317861 0.582288
v -0.400746 -0.052740 0.884386
v 0.002150 -0.052740 0.594198
v -0.407355 0.307239 0.774035
v -0.965272 -0.052740 1.044733
v -0.965272 0.368555 0.908184
v -1.504739 0.374724 0.824630
v -0.965272 0.619474 0.519843
v -0.965272 0.695033 -0.013757
v -1.513808 0.626719 0.473780
v -0.397441 0.517480 0.443532
v -0.394136 0.580715 -0.011599
v 0.019619 0.301134 0.333551
v 0.037087 0.337472 -0.008002
v -0.064889 0.212381 0.582288
v 0.166445 -0.052740 0.296170
v 0.190051 -0.052740 -0.006564
v 0.037087 -0.442952 -0.008002
v 0.166445 -0.052740 -0.311832
v 0.002150 -0.052740 -0.623090
v 0.019618 0.301134 -0.354003
v 0.019619 -0.406614 -0.354003
v -0.064889 -0.317861 -0.613274
v -0.397441 -0.355057 -0.476335
v -0.407355 -0.412719 -0.823131
v -0.965272 -0.457051 -0.560420
v -0.965272 -0.474035 -0.970534
v -1.513808 -0.464296 -0.506583
v -1.504740 -0.480204 -0.873727
v -1.899447 -0.530631 -0.404599
v -1.822150 -0.400626 -0.686244
v -1.915425 -0.582199 -0.008002
v -2.033746 -0.052740 -0.370457
v -2.055338 -0.052740 -0.006564
v -1.899447 0.425151 -0.404599
v -1.883470 -0.052740 -0.706974
v -1.822150 0.295146 -0.686244
v -1.510785 -0.052740 -0.997938
v -1.504739 0.374724 -0.873727
v -0.965272 -0.052740 -1.115792
v -0.965272 0.368555 -0.970534
v -0.400746 -0.052740 -0.939313
v -0.407355 0.307239 -0.823131
v -0.064889 0.212381 -0.613274
v -0.397441 0.517480 -0.476335
v -0.965272 0.619474 -0.560420
v -1.513808 0.626719 -0.506583
v -1.516830 0.702555 -0.011599
v -1.915425 0.476719 -0.008002
v -1.899447 0.425151 0.384146
v -1.822150 0.295146 0.655258
v -2.033746 -0.052740 0.354795
v -1.802237 -0.739853 -0.349239
v -1.931652 -0.753445 -0.455841
v -1.443585 -0.739853 -0.632675
v -1.732009 -0.555586 -0.260374
v -1.778359 -0.287502 -0.319025
v -1.914798 -0.555586 -0.434514
v -1.373356 -0.555586 -0.543810
v -1.419707 -0.287502 -0.602461
v -1.500536 -0.555586 -0.761897
v -1.517391 -0.753445 -0.783224
v -1.537055 -0.217277 -0.808107
v -1.726673 -0.383422 -1.017272
v -1.747741 -0.574486 -1.043932
v -1.707009 -0.171971 -0.992390
v -2.110997 -0.383422 -0.713548
v -2.132066 -0.574486 -0.740208
v -2.091332 -0.171971 -0.688666
v -1.951316 -0.217277 -0.480723
v -2.107599 -0.537616 -0.726937
v -2.312278 -0.460218 -0.985932
v -2.091212 -0.186741 -0.706201
v -1.740484 -0.537616 -1.017061
v -1.945164 -0.460218 -1.276056
v -1.724098 -0.186741 -0.996326
v -1.818752 -0.124445 -1.116099
v -2.185866 -0.124445 -0.825975
v -2.318681 -0.458086 -0.958833
v -2.926335 0.172012 -1.675197
v -2.193049 -0.146283 -0.817508
v -1.917318 -0.458086 -1.276023
v -1.808855 -0.146283 -1.121130
v -2.473852 0.172012 -2.032786
v -2.687399 0.491456 -2.214969
v -2.293074 0.546937 -1.804034
v -2.681547 0.659789 -2.207564
v -2.745556 0.546937 -1.446445
v -3.048380 0.659789 -1.917662
v -3.054232 0.491456 -1.925068
v -3.010462 0.485411 -1.912564
v -3.124108 0.388911 -2.056369
v -3.014413 0.634411 -1.917564
v -2.685350 0.485411 -2.169494
v -2.689302 0.634411 -2.174495
v -2.798997 0.388911 -2.313299
v -2.941430 0.414402 -2.493531
v -2.951402 0.663087 -2.506149
v -3.032874 0.538821 -2.609240
v -3.276514 0.663087 -2.249218
v -3.357985 0.538821 -2.352310
v -3.266542 0.414402 -2.236600
v -3.011104 0.546822 -2.602730
v -2.928775 0.441422 -2.498552
v -3.356682 0.546822 -2.329625
v -3.293931 -0.061975 -3.011818
v -3.689330 -0.061975 -2.699340
v -3.028265 0.151647 -2.624445
v -3.482105 -0.466753 -3.217003
v -3.553127 -0.630518 -3.253109
v -3.845472 -0.466753 -2.929841
v -3.209651 -0.264143 -2.905172
v -3.411298 -0.638384 -3.073644
v -3.605051 -0.264143 -2.592695
v -3.373843 0.151647 -2.351340
v -3.722357 -0.638384 -2.827819
v -3.864186 -0.630518 -3.007284
v -3.274353 0.441422 -2.225448
v -3.874806 -1.668595 -3.069864
v -3.919374 -1.561665 -3.126259
v -3.611558 -1.668595 -3.277905
v -3.808927 -1.276560 -2.943838
v -3.728145 -0.620238 -2.841619
v -3.504169 -1.276560 -3.184683
v -3.903578 -0.737303 -3.063607
v -3.851422 -0.622423 -2.997609
v -3.598820 -0.737303 -3.304452
v -3.656126 -1.561665 -3.334299
v -3.546663 -0.622423 -3.238454
v -3.423387 -0.620238 -3.082464
v -3.871439 -1.640152 -3.068835
v -4.037794 -1.832861 -3.279334
v -3.914520 -1.582052 -3.123347
v -3.611334 -1.640153 -3.274392
v -3.654414 -1.582052 -3.328904
v -3.777688 -1.832861 -3.484891
v -4.017554 -1.960022 -3.680737
v -3.959307 -1.755097 -3.607033
v -4.034622 -1.849485 -3.702336
v -4.114653 -1.755097 -3.484264
v -4.189970 -1.849485 -3.579568
v -4.172901 -1.960022 -3.557969
v -1.391148 -0.683993 -0.612656
v -1.432836 -0.694725 -0.738315
v -1.032267 -0.683993 -0.651335
v -1.381564 -0.538491 -0.523734
v -1.387890 -0.326807 -0.582422
v -1.430536 -0.538491 -0.716973
v -1.022683 -0.538491 -0.562414
v -1.029008 -0.326807 -0.621102
v -1.016011 -0.538491 -0.761650
v -1.018311 -0.694725 -0.782991
v -1.020995 -0.271356 -0.807890
v -1.059807 -0.402547 -1.027411
v -1.062682 -0.553415 -1.054088
v -1.057123 -0.235581 -1.002513
v -1.444376 -0.402547 -0.985963
v -1.447251 -0.553415 -1.012640
v -1.441692 -0.235581 -0.961065
v -1.435520 -0.271356 -0.763213
v -1.436476 -0.524302 -0.993484
v -1.464408 -0.463187 -1.252644
v -1.434240 -0.247244 -0.972735
v -1.069128 -0.524302 -1.033076
v -1.097060 -0.463187 -1.292236
v -1.066891 -0.247244 -1.012328
v -1.079809 -0.198054 -1.132177
v -1.447157 -0.198054 -1.092585
v -1.480080 -0.461503 -1.237222
v -1.585092 0.036035 -1.971499
v -1.455517 -0.215297 -1.089945
v -1.078461 -0.461503 -1.280508
v -1.071078 -0.215297 -1.131379
v -1.132322 0.036035 -2.020298
v -1.198472 0.288274 -2.231844
v -1.107651 0.332083 -1.791400
v -1.197673 0.421194 -2.224433
v -1.560422 0.332083 -1.742601
v -1.564739 0.421194 -2.184872
v -1.565538 0.288274 -2.192282
v -1.541538 0.283501 -2.165524
v -1.557047 0.207303 -2.309420
v -1.542077 0.401154 -2.170527
v -1.216219 0.283501 -2.200586
v -1.216758 0.401154 -2.205590
v -1.231728 0.207303 -2.344482
v -1.251165 0.227431 -2.524829
v -1.252526 0.423798 -2.537455
v -1.263644 0.325675 -2.640612
v -1.577845 0.423798 -2.502393
v -1.588963 0.325675 -2.605550
v -1.576484 0.227431 -2.489766
v -1.251830 0.331993 -2.627109
v -1.240595 0.248767 -2.522866
v -1.597629 0.331993 -2.589839
v -1.268900 -0.148726 -3.019446
v -1.664551 -0.148726 -2.976803
v -1.254172 0.019954 -2.648838
v -1.308420 -0.468347 -3.235700
v -1.340713 -0.597660 -3.289690
v -1.672019 -0.468347 -3.196512
v -1.257398 -0.308362 -2.912732
v -1.321358 -0.603870 -3.110111
v -1.653050 -0.308362 -2.870090
v -1.599971 0.019954 -2.611568
v -1.632616 -0.603871 -3.076563
v -1.651971 -0.597660 -3.256144
v -1.586393 0.248767 -2.485596
v -1.632762 -1.417346 -3.302437
v -1.638844 -1.332912 -3.358868
v -1.369346 -1.417346 -3.330828
v -1.641707 -1.107787 -3.190505
v -1.630683 -0.589542 -3.088221
v -1.336755 -1.107787 -3.223372
v -1.654624 -0.681979 -3.310350
v -1.647506 -0.591268 -3.244311
v -1.349672 -0.681979 -3.343218
v -1.375428 -1.332913 -3.387258
v -1.342554 -0.591268 -3.277178
v -1.325731 -0.589542 -3.121088
v -1.630945 -1.394888 -3.300333
v -1.653646 -1.547054 -3.510967
v -1.636824 -1.349010 -3.354881
v -1.370673 -1.394887 -3.328385
v -1.376552 -1.349010 -3.382932
v -1.393374 -1.547054 -3.539018
v -1.471373 -1.647463 -3.770761
v -1.463424 -1.485650 -3.697010
v -1.473702 -1.560181 -3.792374
v -1.618871 -1.485650 -3.680257
v -1.629149 -1.560181 -3.775620
v -1.626819 -1.647463 -3.754008
v -0.869990 -0.683993 -0.620968
v -0.878762 -0.694725 -0.753071
v -0.512906 -0.683992 -0.568217
v -0.883061 -0.538491 -0.532491
v -0.874434 -0.326807 -0.590886
v -0.881899 -0.538491 -0.731836
v -0.525977 -0.538491 -0.479740
v -0.517350 -0.326807 -0.538134
v -0.469449 -0.538491 -0.670906
v -0.466312 -0.694725 -0.692140
v -0.462653 -0.271356 -0.716914
v -0.445052 -0.402547 -0.939144
v -0.441131 -0.553415 -0.965687
v -0.448711 -0.235581 -0.914371
v -0.827695 -0.402547 -0.995671
v -0.823774 -0.553415 -1.022214
v -0.831354 -0.235581 -0.970898
v -0.875102 -0.271356 -0.777844
v -0.818159 -0.524302 -1.000965
v -0.780065 -0.463187 -1.258828
v -0.821208 -0.247244 -0.980321
v -0.452650 -0.524302 -0.946970
v -0.414556 -0.463187 -1.204832
v -0.455700 -0.247244 -0.926325
v -0.438083 -0.198054 -1.045574
v -0.803592 -0.198054 -1.099570
v -0.799110 -0.461503 -1.247840
v -0.716223 0.036035 -1.984942
v -0.812347 -0.215297 -1.099116
v -0.399502 -0.461503 -1.188807
v -0.429833 -0.215297 -1.042609
v -0.265720 0.036035 -1.918390
v -0.276584 0.288274 -2.139771
v -0.299365 0.332084 -1.690639
v -0.277673 0.421194 -2.132398
v -0.749868 0.332084 -1.757190
v -0.642901 0.421194 -2.186352
v -0.641812 0.288274 -2.193725
v -0.625307 0.283501 -2.161795
v -0.604156 0.207303 -2.304971
v -0.624571 0.401154 -2.166773
v -0.301617 0.283501 -2.113977
v -0.300881 0.401154 -2.118955
v -0.280466 0.207303 -2.257153
v -0.253957 0.227431 -2.436596
v -0.252101 0.423798 -2.449159
v -0.236939 0.325675 -2.551800
v -0.575791 0.423798 -2.496976
v -0.560628 0.325675 -2.599617
v -0.577647 0.227431 -2.484414
v -0.228897 0.331993 -2.535760
v -0.244219 0.248767 -2.432039
v -0.572964 0.331993 -2.586588
v -0.146822 -0.148726 -2.919796
v -0.540492 -0.148726 -2.977951
v -0.225703 0.019954 -2.557380
v -0.130727 -0.468347 -3.139041
v -0.148416 -0.597659 -3.199414
v -0.492505 -0.468347 -3.192486
v -0.162507 -0.308362 -2.813616
v -0.174812 -0.603870 -3.020734
v -0.556177 -0.308362 -2.871772
v -0.569770 0.019954 -2.608208
v -0.484511 -0.603870 -3.066485
v -0.458115 -0.597659 -3.245166
v -0.588287 0.248767 -2.482867
v -0.427888 -1.417346 -3.285146
v -0.419594 -1.332912 -3.341294
v -0.165792 -1.417346 -3.246427
v -0.464676 -1.107787 -3.179054
v -0.479711 -0.589542 -3.077282
v -0.161251 -1.107787 -3.134230
v -0.447060 -0.681979 -3.298300
v -0.456767 -0.591267 -3.232590
v -0.143635 -0.681979 -3.253475
v -0.157497 -1.332912 -3.302575
v -0.153342 -0.591267 -3.187766
v -0.176286 -0.589542 -3.032458
v -0.426659 -1.394887 -3.282654
v -0.395698 -1.547054 -3.492232
v -0.418641 -1.349010 -3.336927
v -0.167690 -1.394887 -3.244397
v -0.159672 -1.349010 -3.298671
v -0.136729 -1.547054 -3.453975
v -0.153986 -1.647463 -3.697883
v -0.164826 -1.485650 -3.624501
v -0.150809 -1.560181 -3.719387
v -0.319494 -1.485650 -3.647349
v -0.305477 -1.560180 -3.742236
v -0.308654 -1.647463 -3.720731
v -0.454729 -0.728484 -0.545129
v -0.383975 -0.741494 -0.685516
v -0.121398 -0.728484 -0.275682
v -0.521491 -0.552107 -0.462538
v -0.477428 -0.295501 -0.517048
v -0.399998 -0.552107 -0.665694
v -0.188160 -0.552107 -0.193091
v -0.144097 -0.295501 -0.247601
v -0.014984 -0.552107 -0.354469
v 0.001039 -0.741494 -0.374291
v 0.019733 -0.228283 -0.397417
v 0.171849 -0.387315 -0.614055
v 0.191878 -0.570197 -0.638832
v 0.153156 -0.184917 -0.590929
v -0.185341 -0.387315 -0.902788
v -0.165312 -0.570197 -0.927566
v -0.204034 -0.184917 -0.879663
v -0.365281 -0.228283 -0.708641
v -0.172394 -0.534906 -0.902447
v 0.022183 -0.460822 -1.143157
v -0.187972 -0.199054 -0.883176
v 0.168802 -0.534906 -0.626643
v 0.363379 -0.460822 -0.867353
v 0.153224 -0.199055 -0.607372
v 0.243207 -0.139426 -0.718689
v -0.097989 -0.139426 -0.994493
v -0.003924 -0.458781 -1.143414
v 0.525684 0.144338 -1.847177
v -0.107216 -0.160329 -0.999313
v 0.369102 -0.458781 -0.841879
v 0.249854 -0.160329 -0.710677
v 0.946220 0.144338 -1.507238
v 1.068714 0.450105 -1.740187
v 0.774364 0.503211 -1.294637
v 1.063151 0.611231 -1.733304
v 0.353828 0.503211 -1.634576
v 0.722217 0.611231 -2.008897
v 0.727781 0.450105 -2.015779
v 0.725390 0.444319 -1.973165
v 0.833427 0.351951 -2.106817
v 0.729146 0.586939 -1.977812
v 1.027548 0.444319 -1.728916
v 1.031304 0.586939 -1.733563
v 1.135585 0.351951 -1.862568
v 1.270988 0.376350 -2.030075
v 1.280468 0.614388 -2.041802
v 1.357919 0.495442 -2.137615
v 0.978310 0.614388 -2.286051
v 1.055760 0.495442 -2.381864
v 0.968830 0.376350 -2.274323
v 1.356462 0.503101 -2.116360
v 1.278197 0.402214 -2.019538
v 1.035282 0.503101 -2.375984
v 1.672163 -0.079630 -2.459555
v 1.304679 -0.079630 -2.756609
v 1.372777 0.124846 -2.136542
v 1.820938 -0.467077 -2.674050
v 1.839284 -0.623831 -2.746465
v 1.483225 -0.467077 -2.947039
v 1.592043 -0.273142 -2.360439
v 1.704456 -0.631360 -2.579670
v 1.224559 -0.273142 -2.657493
v 1.051596 0.124846 -2.396166
v 1.415357 -0.631360 -2.813362
v 1.550186 -0.623831 -2.980157
v 0.957017 0.402214 -2.279163
v 1.605225 -1.617461 -3.002800
v 1.647593 -1.515110 -3.055213
v 1.849888 -1.617461 -2.805028
v 1.503578 -1.242211 -2.916509
v 1.426783 -0.613991 -2.821507
v 1.786819 -1.242211 -2.687551
v 1.593557 -0.726044 -3.027822
v 1.543975 -0.616082 -2.966484
v 1.876799 -0.726044 -2.798865
v 1.892255 -1.515110 -2.857441
v 1.827216 -0.616082 -2.737526
v 1.710024 -0.613991 -2.592549
v 1.604979 -1.590237 -2.999509
v 1.763121 -1.774695 -3.195147
v 1.645932 -1.534625 -3.050173
v 1.846721 -1.590237 -2.804098
v 1.887675 -1.534624 -2.854761
v 2.004864 -1.774695 -2.999735
v 2.134416 -1.896412 -3.259578
v 2.079044 -1.700260 -3.191077
v 2.150643 -1.790607 -3.279652
v 1.934664 -1.700260 -3.307786
v 2.006263 -1.790607 -3.396361
v 1.990036 -1.896412 -3.376287
v -1.433889 -0.739853 0.616858
v -1.507696 -0.753445 0.767407
v -1.792542 -0.739853 0.333421
v -1.363660 -0.555586 0.527993
v -1.410011 -0.287502 0.586644
v -1.490841 -0.555586 0.746079
v -1.722313 -0.555586 0.244556
v -1.768664 -0.287502 0.303207
v -1.905102 -0.555586 0.418696
v -1.921957 -0.753445 0.440024
v -1.941621 -0.217278 0.464906
v -2.101300 -0.383422 0.697731
v -2.122370 -0.574486 0.724390
v -2.081637 -0.171971 0.672848
v -1.716977 -0.383422 1.001455
v -1.738046 -0.574486 1.028114
v -1.697313 -0.171971 0.976573
v -1.527360 -0.217278 0.792289
v -1.730789 -0.537616 1.001243
v -1.935468 -0.460218 1.260239
v -1.714402 -0.186741 0.980508
v -2.097903 -0.537616 0.711119
v -2.302583 -0.460218 0.970115
v -2.081517 -0.186741 0.690384
v -2.176171 -0.124445 0.810157
v -1.809056 -0.124445 1.100281
v -1.907623 -0.458086 1.260206
v -2.464156 0.172012 2.016968
v -1.799160 -0.146283 1.105313
v -2.308986 -0.458086 0.943016
v -2.183354 -0.146283 0.801691
v -2.916639 0.172012 1.659380
v -3.044537 0.491456 1.909251
v -2.735860 0.546937 1.430628
v -3.038684 0.659789 1.901845
v -2.283378 0.546937 1.788217
v -2.671851 0.659789 2.191746
v -2.677704 0.491456 2.199152
v -2.675655 0.485411 2.153677
v -2.789301 0.388911 2.297482
v -2.679606 0.634410 2.158677
v -3.000766 0.485411 1.896747
v -3.004718 0.634410 1.901747
v -3.114413 0.388911 2.040552
v -3.256846 0.414402 2.220783
v -3.266818 0.663087 2.233401
v -3.348289 0.538821 2.336493
v -2.941706 0.663087 2.490331
v -3.023178 0.538821 2.593423
v -2.931735 0.414402 2.477713
v -3.346987 0.546822 2.313807
v -3.264657 0.441422 2.209631
v -3.001408 0.546822 2.586913
v -3.679635 -0.061975 2.683524
v -3.284235 -0.061975 2.996001
v -3.364147 0.151647 2.335523
v -3.835776 -0.466753 2.914024
v -3.854490 -0.630518 2.991467
v -3.472409 -0.466753 3.201187
v -3.595355 -0.264143 2.576878
v -3.712661 -0.638384 2.812002
v -3.199955 -0.264143 2.889355
v -3.018569 0.151647 2.608628
v -3.401602 -0.638384 3.057827
v -3.543431 -0.630518 3.237293
v -2.919079 0.441423 2.482736
v -3.601862 -1.668595 3.262088
v -3.646430 -1.561665 3.318483
v -3.865110 -1.668595 3.054048
v -3.494473 -1.276560 3.168866
v -3.413691 -0.620238 3.066647
v -3.799231 -1.276559 2.928021
v -3.589124 -0.737303 3.288635
v -3.536968 -0.622423 3.222638
v -3.893882 -0.737303 3.047791
v -3.909678 -1.561665 3.110442
v -3.841725 -0.622423 2.981792
v -3.718449 -0.620238 2.825802
v -3.601638 -1.640153 3.258575
v -3.767992 -1.832862 3.469074
v -3.644718 -1.582053 3.313087
v -3.861744 -1.640153 3.053017
v -3.904824 -1.582053 3.107530
v -4.028099 -1.832862 3.263516
v -4.163207 -1.960023 3.542152
v -4.104959 -1.755097 3.468448
v -4.180275 -1.849485 3.563751
v -3.949611 -1.755097 3.591216
v -4.024928 -1.849485 3.686519
v -4.007859 -1.960023 3.664921
v -1.022564 -0.683993 0.572849
v -1.008609 -0.694725 0.704505
v -1.381445 -0.683993 0.534169
v -1.012981 -0.538491 0.483927
v -1.019306 -0.326807 0.542616
v -1.006309 -0.538491 0.683164
v -1.371862 -0.538491 0.445248
v -1.378187 -0.326807 0.503936
v -1.420834 -0.538491 0.638487
v -1.423134 -0.694725 0.659828
v -1.425817 -0.271356 0.684726
v -1.434673 -0.402548 0.907477
v -1.437548 -0.553415 0.934154
v -1.431990 -0.235581 0.882579
v -1.050104 -0.402547 0.948925
v -1.052979 -0.553415 0.975602
v -1.047421 -0.235581 0.924027
v -1.011292 -0.271356 0.729403
v -1.059425 -0.524302 0.954590
v -1.087357 -0.463187 1.213750
v -1.057189 -0.247244 0.933842
v -1.426773 -0.524302 0.914998
v -1.454705 -0.463187 1.174158
v -1.424537 -0.247244 0.894249
v -1.437454 -0.198054 1.014099
v -1.070106 -0.198054 1.053691
v -1.068759 -0.461503 1.202022
v -1.122619 0.036035 1.941812
v -1.061376 -0.215297 1.052894
v -1.470377 -0.461503 1.158736
v -1.445815 -0.215297 1.011459
v -1.575390 0.036035 1.893013
v -1.555836 0.288274 2.113796
v -1.550719 0.332083 1.664115
v -1.555037 0.421194 2.106386
v -1.097949 0.332083 1.712914
v -1.187970 0.421194 2.145948
v -1.188769 0.288274 2.153358
v -1.206516 0.283501 2.122101
v -1.222025 0.207303 2.265997
v -1.207056 0.401154 2.127104
v -1.531835 0.283501 2.087038
v -1.532375 0.401154 2.092041
v -1.547344 0.207303 2.230934
v -1.566782 0.227431 2.411280
v -1.568142 0.423798 2.423907
v -1.579260 0.325675 2.527064
v -1.242824 0.423798 2.458969
v -1.253942 0.325675 2.562126
v -1.241463 0.227431 2.446343
v -1.587926 0.331993 2.511353
v -1.576691 0.248767 2.407110
v -1.242128 0.331993 2.548623
v -1.654849 -0.148726 2.898317
v -1.259197 -0.148726 2.940960
v -1.590268 0.019954 2.533082
v -1.662316 -0.468347 3.118026
v -1.642269 -0.597660 3.177657
v -1.298717 -0.468347 3.157214
v -1.643347 -0.308362 2.791603
v -1.622914 -0.603870 2.998077
v -1.247696 -0.308362 2.834246
v -1.244470 0.019954 2.570352
v -1.311656 -0.603870 3.031624
v -1.331011 -0.597660 3.211204
v -1.230892 0.248767 2.444380
v -1.359643 -1.417346 3.252342
v -1.365726 -1.332913 3.308772
v -1.623059 -1.417346 3.223951
v -1.327052 -1.107787 3.144886
v -1.316029 -0.589542 3.042602
v -1.632005 -1.107787 3.112019
v -1.339970 -0.681979 3.264732
v -1.332852 -0.591267 3.198692
v -1.644921 -0.681979 3.231864
v -1.629141 -1.332912 3.280381
v -1.637804 -0.591267 3.165824
v -1.620981 -0.589542 3.009735
v -1.360970 -1.394887 3.249900
v -1.383672 -1.547054 3.460533
v -1.366849 -1.349010 3.304447
v -1.621242 -1.394887 3.221848
v -1.627121 -1.349010 3.276395
v -1.643944 -1.547054 3.432481
v -1.617117 -1.647463 3.675522
v -1.609168 -1.485650 3.601771
v -1.619446 -1.560181 3.697135
v -1.453722 -1.485650 3.618525
v -1.464000 -1.560181 3.713889
v -1.461670 -1.647463 3.692276
v -0.522436 -0.683993 0.495478
v -0.475842 -0.694725 0.619402
v -0.879520 -0.683993 0.548229
v -0.535506 -0.538491 0.407001
v -0.526880 -0.326807 0.465396
v -0.478979 -0.538491 0.598167
v -0.892590 -0.538491 0.459752
v -0.883964 -0.326807 0.518147
v -0.891429 -0.538491 0.659097
v -0.888292 -0.694725 0.680332
v -0.884632 -0.271356 0.705105
v -0.837225 -0.402548 0.922932
v -0.833303 -0.553415 0.949475
v -0.840884 -0.235581 0.898159
v -0.454581 -0.402548 0.866405
v -0.450660 -0.553415 0.892948
v -0.458241 -0.235581 0.841632
v -0.472182 -0.271356 0.644175
v -0.462179 -0.524302 0.874231
v -0.424086 -0.463187 1.132093
v -0.465229 -0.247244 0.853586
v -0.827688 -0.524302 0.928226
v -0.789595 -0.463187 1.186089
v -0.830738 -0.247244 0.907582
v -0.813122 -0.198054 1.026831
v -0.447613 -0.198054 0.972836
v -0.409032 -0.461503 1.116068
v -0.275250 0.036035 1.845652
v -0.439363 -0.215297 0.969870
v -0.808640 -0.461503 1.175101
v -0.821877 -0.215297 1.026378
v -0.725753 0.036035 1.912203
v -0.651342 0.288274 2.120987
v -0.759398 0.332084 1.684451
v -0.652431 0.421194 2.113613
v -0.308895 0.332084 1.617900
v -0.287203 0.421194 2.059659
v -0.286114 0.288275 2.067033
v -0.311146 0.283502 2.041238
v -0.289996 0.207303 2.184414
v -0.310411 0.401154 2.046216
v -0.634836 0.283501 2.089056
v -0.634101 0.401154 2.094034
v -0.613685 0.207303 2.232232
v -0.587177 0.227431 2.411675
v -0.585321 0.423798 2.424238
v -0.570158 0.325675 2.526879
v -0.261631 0.423798 2.376420
v -0.246468 0.325675 2.479061
v -0.263487 0.227431 2.363857
v -0.582494 0.331993 2.513849
v -0.597816 0.248767 2.410128
v -0.238427 0.331993 2.463022
v -0.550022 -0.148726 2.905213
v -0.156351 -0.148726 2.847057
v -0.579300 0.019954 2.535470
v -0.502035 -0.468347 3.119748
v -0.467645 -0.597660 3.172427
v -0.140257 -0.468347 3.066303
v -0.565707 -0.308362 2.799034
v -0.494041 -0.603871 2.993746
v -0.172037 -0.308362 2.740878
v -0.235233 0.019954 2.484642
v -0.184342 -0.603871 2.947995
v -0.157946 -0.597660 3.126676
v -0.253749 0.248767 2.359300
v -0.175322 -1.417346 3.173689
v -0.167027 -1.332913 3.229837
v -0.437418 -1.417346 3.212408
v -0.170781 -1.107787 3.061491
v -0.185815 -0.589542 2.959720
v -0.474206 -1.107787 3.106316
v -0.153165 -0.681979 3.180737
v -0.162872 -0.591268 3.115028
v -0.456590 -0.681979 3.225561
v -0.429124 -1.332913 3.268556
v -0.466297 -0.591268 3.159852
v -0.489241 -0.589542 3.004544
v -0.177219 -1.394888 3.171658
v -0.146259 -1.547054 3.381237
v -0.169202 -1.349011 3.225932
v -0.436188 -1.394888 3.209915
v -0.428171 -1.349011 3.264189
v -0.405228 -1.547054 3.419494
v -0.318184 -1.647464 3.647993
v -0.329024 -1.485650 3.574611
v -0.315007 -1.560181 3.669497
v -0.174356 -1.485650 3.551762
v -0.160339 -1.560181 3.646649
v -0.163516 -1.647464 3.625144
v -0.126957 -0.728485 0.338256
v -0.004520 -0.741494 0.436865
v -0.460288 -0.728485 0.607703
v -0.193719 -0.552107 0.255665
v -0.149656 -0.295501 0.310175
v -0.020543 -0.552107 0.417043
v -0.527050 -0.552107 0.525112
v -0.482987 -0.295501 0.579622
v -0.405556 -0.552107 0.728268
v -0.389533 -0.741494 0.748090
v -0.370840 -0.228283 0.771215
v -0.190900 -0.387315 0.965362
v -0.170871 -0.570197 0.990140
v -0.209593 -0.184917 0.942237
v 0.166290 -0.387315 0.676629
v 0.186319 -0.570197 0.701406
v 0.147597 -0.184917 0.653504
v 0.014174 -0.228283 0.459991
v 0.163243 -0.534906 0.689217
v 0.357820 -0.460822 0.929927
v 0.147665 -0.199055 0.669946
v -0.177953 -0.534906 0.965021
v 0.016624 -0.460822 1.205731
v -0.193531 -0.199055 0.945750
v -0.103548 -0.139426 1.057067
v 0.237648 -0.139426 0.781263
v 0.363543 -0.458781 0.904453
v 0.940661 0.144338 1.569813
v 0.244295 -0.160329 0.773251
v -0.009483 -0.458781 1.205988
v -0.112775 -0.160329 1.061887
v 0.520124 0.144338 1.909752
v 0.722221 0.450105 2.078353
v 0.348269 0.503211 1.697150
v 0.716658 0.611231 2.071471
v 0.768805 0.503211 1.357211
v 1.057592 0.611231 1.795879
v 1.063155 0.450105 1.802761
v 1.021989 0.444319 1.791491
v 1.130026 0.351951 1.925143
v 1.025745 0.586939 1.796138
v 0.719830 0.444319 2.035739
v 0.723587 0.586939 2.040386
v 0.827867 0.351951 2.169391
v 0.963271 0.376350 2.336898
v 0.972750 0.614388 2.348625
v 1.050201 0.495442 2.444438
v 1.274909 0.614388 2.104377
v 1.352359 0.495442 2.200190
v 1.265429 0.376350 2.092649
v 1.029722 0.503101 2.438559
v 0.951457 0.402214 2.341737
v 1.350903 0.503101 2.178934
v 1.299119 -0.079630 2.819184
v 1.666603 -0.079630 2.522130
v 1.046036 0.124846 2.458741
v 1.477665 -0.467077 3.009614
v 1.544625 -0.623831 3.042732
v 1.815377 -0.467077 2.736625
v 1.218999 -0.273142 2.720068
v 1.409797 -0.631360 2.875937
v 1.586482 -0.273142 2.423013
v 1.367217 0.124846 2.199116
v 1.698895 -0.631360 2.642245
v 1.833724 -0.623831 2.809040
v 1.272637 0.402214 2.082113
v 1.844327 -1.617461 2.867604
v 1.886695 -1.515110 2.920017
v 1.599665 -1.617461 3.065375
v 1.781259 -1.242211 2.750127
v 1.704464 -0.613991 2.655124
v 1.498017 -1.242211 2.979084
v 1.871239 -0.726044 2.861440
v 1.821656 -0.616082 2.800102
v 1.587997 -0.726044 3.090397
v 1.642033 -1.515110 3.117789
v 1.538414 -0.616082 3.029059
v 1.421223 -0.613991 2.884081
v 1.841161 -1.590237 2.866673
v 1.999304 -1.774694 3.062310
v 1.882115 -1.534624 2.917336
v 1.599418 -1.590237 3.062084
v 1.640372 -1.534624 3.112748
v 1.757561 -1.774694 3.257721
v 1.984476 -1.896411 3.438862
v 1.929103 -1.700260 3.370361
v 2.000703 -1.790606 3.458935
v 2.073483 -1.700260 3.253652
v 2.145082 -1.790607 3.342227
v 2.128856 -1.896411 3.322153
vt 0.625000 0.625000
vt 0.750000 0.625000
vt 0.750868 0.688368
vt 0.628472 0.691406
vt 0.875000 0.625000
vt 0.875000 0.687500
vt 0.875000 0.750000
vt 0.755208 0.755208
vt 0.666667 0.791667
vt 0.333333 0.791667
vt 0.500000 0.774306
vt 0.500000 0.878472
vt 0.369792 0.880208
vt 0.630208 0.880208
vt 0.625000 1.000000
vt 0.500000 1.000000
vt 0.375000 1.000000
vt 0.375000 0.125000
vt 0.500000 0.125000
vt 0.500000 0.190104
vt 0.375000 0.190104
vt 0.625000 0.125000
vt 0.625000 0.190104
vt 0.625000 0.270833
vt 0.500000 0.270833
vt 0.375000 0.270833
vt 0.125000 0.625000
vt 0.250000 0.625000
vt 0.249132 0.688368
vt 0.125000 0.687500
vt 0.375000 0.625000
vt 0.371528 0.691406
vt 0.244792 0.755208
vt 0.125000 0.750000
vt 0.500000 0.625000
vt 0.500000 0.690972
vt 0.500000 0.374132
vt 0.369792 0.372396
vt 0.630208 0.372396
vt 0.666667 0.458333
vt 0.500000 0.475694
vt 0.333333 0.458333
vt 0.500000 0.559028
vt 0.371528 0.558594
vt 0.628472 0.558594
vt 0.125000 0.500000
vt 0.244792 0.494792
vt 0.249132 0.561632
vt 0.125000 0.562500
vt 0.375000 0.000000
vt 0.500000 0.000000
vt 0.500000 0.062500
vt 0.375000 0.062500
vt 0.625000 0.000000
vt 0.625000 0.062500
vt 0.755208 0.494792
vt 0.750868 0.561632
vt 0.875000 0.500000
vt 0.875000 0.562500
vt 0.375000 0.000000
vt 0.500000 0.000000
vt 0.500000 0.062500
vt 0.375000 0.062500
vt 0.125000 0.687500
vt 0.187589 0.687500
vt 0.187589 0.750000
vt 0.125000 0.750000
vt 0.375000 0.937411
vt 0.500000 0.937411
vt 0.500000 1.000000
vt 0.375000 1.000000
vt 0.250129 0.687500
vt 0.250129 0.750000
vt 0.375000 0.874871
vt 0.500000 0.874871
vt 0.187589 0.625000
vt 0.250129 0.625000
vt 0.125000 0.625000
vt 0.315197 0.625000
vt 0.314329 0.687933
vt 0.309989 0.752600
vt 0.395866 0.625000
vt 0.392393 0.689233
vt 0.354199 0.770801
vt 0.372400 0.815011
vt 0.500000 0.813275
vt 0.500000 0.753440
vt 0.645801 0.770801
vt 0.627600 0.815011
vt 0.625000 0.874871
vt 0.625000 0.937411
vt 0.749871 0.687500
vt 0.812411 0.687500
vt 0.812411 0.750000
vt 0.749871 0.750000
vt 0.685671 0.687933
vt 0.690011 0.752600
vt 0.684803 0.625000
vt 0.749871 0.625000
vt 0.812411 0.625000
vt 0.604134 0.625000
vt 0.607607 0.689233
vt 0.500000 0.625000
vt 0.500000 0.688364
vt 0.500000 0.561636
vt 0.607607 0.560767
vt 0.392393 0.560767
vt 0.500000 0.496560
vt 0.645801 0.479199
vt 0.354199 0.479199
vt 0.314329 0.562067
vt 0.309989 0.497400
vt 0.250129 0.500000
vt 0.250129 0.562500
vt 0.187589 0.500000
vt 0.187589 0.562500
vt 0.125000 0.500000
vt 0.125000 0.562500
vt 0.375000 0.187504
vt 0.500000 0.187504
vt 0.500000 0.250032
vt 0.375000 0.250032
vt 0.375000 0.125000
vt 0.500000 0.125000
vt 0.625000 0.125000
vt 0.625000 0.187504
vt 0.625000 0.250032
vt 0.625000 0.312593
vt 0.500000 0.312593
vt 0.375000 0.312593
vt 0.625000 0.375129
vt 0.500000 0.375129
vt 0.375000 0.375129
vt 0.627600 0.434989
vt 0.500000 0.436725
vt 0.372400 0.434989
vt 0.690011 0.497400
vt 0.749871 0.500000
vt 0.749871 0.562500
vt 0.685671 0.562067
vt 0.812411 0.500000
vt 0.812411 0.562500
vt 0.875000 0.500000
vt 0.875000 0.562500
vt 0.875000 0.625000
vt 0.875000 0.687500
vt 0.625000 0.062500
vt 0.625000 0.000000
vt 0.875000 0.750000
vt 0.625000 1.000000
vt 0.375000 0.000000
vt 0.500000 0.000000
vt 0.500000 0.125000
vt 0.375000 0.125000
vt 0.125000 0.625000
vt 0.375000 0.625000
vt 0.375000 0.750000
vt 0.125000 0.750000
vt 0.500000 0.750000
vt 0.500000 1.000000
vt 0.375000 1.000000
vt 0.625000 0.000000
vt 0.625000 0.125000
vt 0.625000 0.750000
vt 0.625000 1.000000
vt 0.500000 0.625000
vt 0.625000 0.625000
vt 0.375000 0.500000
vt 0.500000 0.500000
vt 0.625000 0.500000
vt 0.375000 0.250000
vt 0.500000 0.250000
vt 0.625000 0.250000
vt 0.875000 0.500000
vt 0.875000 0.625000
vt 0.875000 0.750000
vt 0.125000 0.500000
vt 0.125000 0.500000
vt 0.375000 0.500000
vt 0.375000 0.750000
vt 0.125000 0.750000
vt 0.375000 0.000000
vt 0.625000 0.000000
vt 0.625000 0.250000
vt 0.375000 0.250000
vt 0.625000 0.750000
vt 0.625000 1.000000
vt 0.375000 1.000000
vt 0.625000 0.500000
vt 0.875000 0.500000
vt 0.875000 0.750000
vt 0.375000 0.000000
vt 0.625000 0.000000
vt 0.625000 0.125796
vt 0.375000 0.125796
vt 0.125000 0.624204
vt 0.375000 0.624204
vt 0.375000 0.750000
vt 0.125000 0.750000
vt 0.625000 0.750000
vt 0.625000 1.000000
vt 0.375000 1.000000
vt 0.625000 0.624204
vt 0.375000 0.500000
vt 0.625000 0.500000
vt 0.125000 0.500000
vt 0.875000 0.624204
vt 0.875000 0.750000
vt 0.875000 0.500000
vt 0.625000 0.250000
vt 0.375000 0.250000
vt 0.375000 0.000000
vt 0.625000 0.000000
vt 0.625000 0.125000
vt 0.375000 0.125000
vt 0.125000 0.625000
vt 0.375000 0.625000
vt 0.375000 0.750000
vt 0.125000 0.750000
vt 0.625000 0.750000
vt 0.625000 1.000000
vt 0.375000 1.000000
vt 0.625000 0.625000
vt 0.375000 0.500000
vt 0.625000 0.500000
vt 0.125000 0.500000
vt 0.875000 0.625000
vt 0.875000 0.750000
vt 0.875000 0.500000
vt 0.625000 0.250000
vt 0.375000 0.250000
vt 0.375000 0.000000
vt 0.500000 0.000000
vt 0.500000 0.250000
vt 0.375000 0.250000
vt 0.125000 0.500000
vt 0.375000 0.500000
vt 0.375000 0.750000
vt 0.125000 0.750000
vt 0.500000 0.750000
vt 0.500000 1.000000
vt 0.375000 1.000000
vt 0.562500 0.750000
vt 0.562500 1.000000
vt 0.562500 0.000000
vt 0.562500 0.250000
vt 0.625000 0.750000
vt 0.625000 1.000000
vt 0.625000 0.000000
vt 0.625000 0.250000
vt 0.562500 0.500000
vt 0.500000 0.500000
vt 0.625000 0.500000
vt 0.875000 0.500000
vt 0.875000 0.750000
vt 0.375000 0.000000
vt 0.500000 0.000000
vt 0.500000 0.250000
vt 0.375000 0.250000
vt 0.125000 0.500000
vt 0.375000 0.500000
vt 0.375000 0.750000
vt 0.125000 0.750000
vt 0.500000 0.750000
vt 0.500000 1.000000
vt 0.375000 1.000000
vt 0.625000 0.750000
vt 0.625000 1.000000
vt 0.625000 0.000000
vt 0.625000 0.250000
vt 0.500000 0.500000
vt 0.625000 0.500000
vt 0.875000 0.500000
vt 0.875000 0.750000
vt 0.375000 0.000000
vt 0.625000 0.000000
vt 0.625000 0.125000
vt 0.375000 0.125000
vt 0.125000 0.625000
vt 0.375000 0.625000
vt 0.375000 0.750000
vt 0.125000 0.750000
vt 0.625000 0.750000
vt 0.625000 1.000000
vt 0.375000 1.000000
vt 0.625000 0.625000
vt 0.375000 0.500000
vt 0.625000 0.500000
vt 0.125000 0.500000
vt 0.875000 0.625000
vt 0.875000 0.750000
vt 0.875000 0.500000
vt 0.625000 0.250000
vt 0.375000 0.250000
vt 0.375000 0.000000
vt 0.500000 0.000000
vt 0.500000 0.125000
vt 0.375000 0.125000
vt 0.125000 0.625000
vt 0.375000 0.625000
vt 0.375000 0.750000
vt 0.125000 0.750000
vt 0.500000 0.750000
vt 0.500000 1.000000
vt 0.375000 1.000000
vt 0.625000 0.000000
vt 0.625000 0.125000
vt 0.625000 0.750000
vt 0.625000 1.000000
vt 0.500000 0.625000
vt 0.625000 0.625000
vt 0.375000 0.500000
vt 0.500000 0.500000
vt 0.625000 0.500000
vt 0.375000 0.250000
vt 0.500000 0.250000
vt 0.625000 0.250000
vt 0.875000 0.500000
vt 0.875000 0.625000
vt 0.875000 0.750000
vt 0.125000 0.500000
vt 0.125000 0.500000
vt 0.375000 0.500000
vt 0.375000 0.750000
vt 0.125000 0.750000
vt 0.375000 0.000000
vt 0.625000 0.000000
vt 0.625000 0.250000
vt 0.375000 0.250000
vt 0.625000 0.750000
vt 0.625000 1.000000
vt 0.375000 1.000000
vt 0.625000 0.500000
vt 0.875000 0.500000
vt 0.875000 0.750000
vt 0.375000 0.000000
vt 0.625000 0.000000
vt 0.625000 0.125796
vt 0.375000 0.125796
vt 0.125000 0.624204
vt 0.375000 0.624204
vt 0.375000 0.750000
vt 0.125000 0.750000
vt 0.625000 0.750000
vt 0.625000 1.000000
vt 0.375000 1.000000
vt 0.625000 0.624204
vt 0.375000 0.500000
vt 0.625000 0.500000
vt 0.125000 0.500000
vt 0.875000 0.624204
vt 0.875000 0.750000
vt 0.875000 0.500000
vt 0.625000 0.250000
vt 0.375000 0.250000
vt 0.375000 0.000000
vt 0.625000 0.000000
vt 0.625000 0.125000
vt 0.375000 0.125000
vt 0.125000 0.625000
vt 0.375000 0.625000
vt 0.375000 0.750000
vt 0.125000 0.750000
vt 0.625000 0.750000
vt 0.625000 1.000000
vt 0.375000 1.000000
vt 0.625000 0.625000
vt 0.375000 0.500000
vt 0.625000 0.500000
vt 0.125000 0.500000
vt 0.875000 0.625000
vt 0.875000 0.750000
vt 0.875000 0.500000
vt 0.625000 0.250000
vt 0.375000 0.250000
vt 0.375000 0.000000
vt 0.500000 0.000000
vt 0.500000 0.250000
vt 0.375000 0.250000
vt 0.125000 0.500000
vt 0.375000 0.500000
vt 0.375000 0.750000
vt 0.125000 0.750000
vt 0.500000 0.750000
vt 0.500000 1.000000
vt 0.375000 1.000000
vt 0.562500 0.750000
vt 0.562500 1.000000
vt 0.562500 0.000000
vt 0.562500 0.250000
vt 0.625000 0.750000
vt 0.625000 1.000000
vt 0.625000 0.000000
vt 0.625000 0.250000
vt 0.562500 0.500000
vt 0.500000 0.500000
vt 0.625000 0.500000
vt 0.875000 0.500000
vt 0.875000 0.750000
vt 0.375000 0.000000
vt 0.500000 0.000000
vt 0.500000 0.250000
vt 0.375000 0.250000
vt 0.125000 0.500000
vt 0.375000 0.500000
vt 0.375000 0.750000
vt 0.125000 0.750000
vt 0.500000 0.750000
vt 0.500000 1.000000
vt 0.375000 1.000000
vt 0.625000 0.750000
vt 0.625000 1.000000
vt 0.625000 0.000000
vt 0.625000 0.250000
vt 0.500000 0.500000
vt 0.625000 0.500000
vt 0.875000 0.500000
vt 0.875000 0.750000
vt 0.375000 0.000000
vt 0.625000 0.000000
vt 0.625000 0.125000
vt 0.375000 0.125000
vt 0.125000 0.625000
vt 0.375000 0.625000
vt 0.375000 0.750000
vt 0.125000 0.750000
vt 0.625000 0.750000
vt 0.625000 1.000000
vt 0.375000 1.000000
vt 0.625000 0.625000
vt 0.375000 0.500000
vt 0.625000 0.500000
vt 0.125000 0.500000
vt 0.875000 0.625000
vt 0.875000 0.750000
vt 0.875000 0.500000
vt 0.625000 0.250000
vt 0.375000 0.250000
vt 0.375000 0.000000
vt 0.500000 0.000000
vt 0.500000 0.125000
vt 0.375000 0.125000
vt 0.125000 0.625000
vt 0.375000 0.625000
vt 0.375000 0.750000
vt 0.125000 0.750000
vt 0.500000 0.750000
vt 0.500000 1.000000
vt 0.375000 1.000000
vt 0.625000 0.000000
vt 0.625000 0.125000
vt 0.625000 0.750000
vt 0.625000 1.000000
vt 0.500000 0.625000
vt 0.625000 0.625000
vt 0.375000 0.500000
vt 0.500000 0.500000
vt 0.625000 0.500000
vt 0.375000 0.250000
vt 0.500000 0.250000
vt 0.625000 0.250000
vt 0.875000 0.500000
vt 0.875000 0.625000
vt 0.875000 0.750000
vt 0.125000 0.500000
vt 0.125000 0.500000
vt 0.375000 0.500000
vt 0.375000 0.750000
vt 0.125000 0.750000
vt 0.375000 0.000000
vt 0.625000 0.000000
vt 0.625000 0.250000
vt 0.375000 0.250000
vt 0.625000 0.750000
vt 0.625000 1.000000
vt 0.375000 1.000000
vt 0.625000 0.500000
vt 0.875000 0.500000
vt 0.875000 0.750000
vt 0.375000 0.000000
vt 0.625000 0.000000
vt 0.625000 0.125796
vt 0.375000 0.125796
vt 0.125000 0.624204
vt 0.375000 0.624204
vt 0.375000 0.750000
vt 0.125000 0.750000
vt 0.625000 0.750000
vt 0.625000 1.000000
vt 0.375000 1.000000
vt 0.625000 0.624204
vt 0.375000 0.500000
vt 0.625000 0.500000
vt 0.125000 0.500000
vt 0.875000 0.624204
vt 0.875000 0.750000
vt 0.875000 0.500000
vt 0.625000 0.250000
vt 0.375000 0.250000
vt 0.375000 0.000000
vt 0.625000 0.000000
vt 0.625000 0.125000
vt 0.375000 0.125000
vt 0.125000 0.625000
vt 0.375000 0.625000
vt 0.375000 0.750000
vt 0.125000 0.750000
vt 0.625000 0.750000
vt 0.625000 1.000000
vt 0.375000 1.000000
vt 0.625000 0.625000
vt 0.375000 0.500000
vt 0.625000 0.500000
vt 0.125000 0.500000
vt 0.875000 0.625000
vt 0.875000 0.750000
vt 0.875000 0.500000
vt 0.625000 0.250000
vt 0.375000 0.250000
vt 0.375000 0.000000
vt 0.500000 0.000000
vt 0.500000 0.250000
vt 0.375000 0.250000
vt 0.125000 0.500000
vt 0.375000 0.500000
vt 0.375000 0.750000
vt 0.125000 0.750000
vt 0.500000 0.750000
vt 0.500000 1.000000
vt 0.375000 1.000000
vt 0.562500 0.750000
vt 0.562500 1.000000
vt 0.562500 0.000000
vt 0.562500 0.250000
vt 0.625000 0.750000
vt 0.625000 1.000000
vt 0.625000 0.000000
vt 0.625000 0.250000
vt 0.562500 0.500000
vt 0.500000 0.500000
vt 0.625000 0.500000
vt 0.875000 0.500000
vt 0.875000 0.750000
vt 0.375000 0.000000
vt 0.500000 0.000000
vt 0.500000 0.250000
vt 0.375000 0.250000
vt 0.125000 0.500000
vt 0.375000 0.500000
vt 0.375000 0.750000
vt 0.125000 0.750000
vt 0.500000 0.750000
vt 0.500000 1.000000
vt 0.375000 1.000000
vt 0.625000 0.750000
vt 0.625000 1.000000
vt 0.625000 0.000000
vt 0.625000 0.250000
vt 0.500000 0.500000
vt 0.625000 0.500000
vt 0.875000 0.500000
vt 0.875000 0.750000
vt 0.375000 0.000000
vt 0.625000 0.000000
vt 0.625000 0.125000
vt 0.375000 0.125000
vt 0.125000 0.625000
vt 0.375000 0.625000
vt 0.375000 0.750000
vt 0.125000 0.750000
vt 0.625000 0.750000
vt 0.625000 1.000000
vt 0.375000 1.000000
vt 0.625000 0.625000
vt 0.375000 0.500000
vt 0.625000 0.500000
vt 0.125000 0.500000
vt 0.875000 0.625000
vt 0.875000 0.750000
vt 0.875000 0.500000
vt 0.625000 0.250000
vt 0.375000 0.250000
vt 0.375000 0.000000
vt 0.500000 0.000000
vt 0.500000 0.125000
vt 0.375000 0.125000
vt 0.125000 0.625000
vt 0.375000 0.625000
vt 0.375000 0.750000
vt 0.125000 0.750000
vt 0.500000 0.750000
vt 0.500000 1.000000
vt 0.375000 1.000000
vt 0.625000 0.000000
vt 0.625000 0.125000
vt 0.625000 0.750000
vt 0.625000 1.000000
vt 0.500000 0.625000
vt 0.625000 0.625000
vt 0.375000 0.500000
vt 0.500000 0.500000
vt 0.625000 0.500000
vt 0.375000 0.250000
vt 0.500000 0.250000
vt 0.625000 0.250000
vt 0.875000 0.500000
vt 0.875000 0.625000
vt 0.875000 0.750000
vt 0.125000 0.500000
vt 0.125000 0.500000
vt 0.375000 0.500000
vt 0.375000 0.750000
vt 0.125000 0.750000
vt 0.375000 0.000000
vt 0.625000 0.000000
vt 0.625000 0.250000
vt 0.375000 0.250000
vt 0.625000 0.750000
vt 0.625000 1.000000
vt 0.375000 1.000000
vt 0.625000 0.500000
vt 0.875000 0.500000
vt 0.875000 0.750000
vt 0.375000 0.000000
vt 0.625000 0.000000
vt 0.625000 0.125796
vt 0.375000 0.125796
vt 0.125000 0.624204
vt 0.375000 0.624204
vt 0.375000 0.750000
vt 0.125000 0.750000
vt 0.625000 0.750000
vt 0.625000 1.000000
vt 0.375000 1.000000
vt 0.625000 0.624204
vt 0.375000 0.500000
vt 0.625000 0.500000
vt 0.125000 0.500000
vt 0.875000 0.624204
vt 0.875000 0.750000
vt 0.875000 0.500000
vt 0.625000 0.250000
vt 0.375000 0.250000
vt 0.375000 0.000000
vt 0.625000 0.000000
vt 0.625000 0.125000
vt 0.375000 0.125000
vt 0.125000 0.625000
vt 0.375000 0.625000
vt 0.375000 0.750000
vt 0.125000 0.750000
vt 0.625000 0.750000
vt 0.625000 1.000000
vt 0.375000 1.000000
vt 0.625000 0.625000
vt 0.375000 0.500000
vt 0.625000 0.500000
vt 0.125000 0.500000
vt 0.875000 0.625000
vt 0.875000 0.750000
vt 0.875000 0.500000
vt 0.625000 0.250000
vt 0.375000 0.250000
vt 0.375000 0.000000
vt 0.500000 0.000000
vt 0.500000 0.250000
vt 0.375000 0.250000
vt 0.125000 0.500000
vt 0.375000 0.500000
vt 0.375000 0.750000
vt 0.125000 0.750000
vt 0.500000 0.750000
vt 0.500000 1.000000
vt 0.375000 1.000000
vt 0.562500 0.750000
vt 0.562500 1.000000
vt 0.562500 0.000000
vt 0.562500 0.250000
vt 0.625000 0.750000
vt 0.625000 1.000000
vt 0.625000 0.000000
vt 0.625000 0.250000
vt 0.562500 0.500000
vt 0.500000 0.500000
vt 0.625000 0.500000
vt 0.875000 0.500000
vt 0.875000 0.750000
vt 0.375000 0.000000
vt 0.500000 0.000000
vt 0.500000 0.250000
vt 0.375000 0.250000
vt 0.125000 0.500000
vt 0.375000 0.500000
vt 0.375000 0.750000
vt 0.125000 0.750000
vt 0.500000 0.750000
vt 0.500000 1.000000
vt 0.375000 1.000000
vt 0.625000 0.750000
vt 0.625000 1.000000
vt 0.625000 0.000000
vt 0.625000 0.250000
vt 0.500000 0.500000
vt 0.625000 0.500000
vt 0.875000 0.500000
vt 0.875000 0.750000
vt 0.375000 0.000000
vt 0.625000 0.000000
vt 0.625000 0.125000
vt 0.375000 0.125000
vt 0.125000 0.625000
vt 0.375000 0.625000
vt 0.375000 0.750000
vt 0.125000 0.750000
vt 0.625000 0.750000
vt 0.625000 1.000000
vt 0.375000 1.000000
vt 0.625000 0.625000
vt 0.375000 0.500000
vt 0.625000 0.500000
vt 0.125000 0.500000
vt 0.875000 0.625000
vt 0.875000 0.750000
vt 0.875000 0.500000
vt 0.625000 0.250000
vt 0.375000 0.250000
vt 0.375000 0.000000
vt 0.500000 0.000000
vt 0.500000 0.125000
vt 0.375000 0.125000
vt 0.125000 0.625000
vt 0.375000 0.625000
vt 0.375000 0.750000
vt 0.125000 0.750000
vt 0.500000 0.750000
vt 0.500000 1.000000
vt 0.375000 1.000000
vt 0.625000 0.000000
vt 0.625000 0.125000
vt 0.625000 0.750000
vt 0.625000 1.000000
vt 0.500000 0.625000
vt 0.625000 0.625000
vt 0.375000 0.500000
vt 0.500000 0.500000
vt 0.625000 0.500000
vt 0.375000 0.250000
vt 0.500000 0.250000
vt 0.625000 0.250000
vt 0.875000 0.500000
vt 0.875000 0.625000
vt 0.875000 0.750000
vt 0.125000 0.500000
vt 0.125000 0.500000
vt 0.375000 0.500000
vt 0.375000 0.750000
vt 0.125000 0.750000
vt 0.375000 0.000000
vt 0.625000 0.000000
vt 0.625000 0.250000
vt 0.375000 0.250000
vt 0.625000 0.750000
vt 0.625000 1.000000
vt 0.375000 1.000000
vt 0.625000 0.500000
vt 0.875000 0.500000
vt 0.875000 0.750000
vt 0.375000 0.000000
vt 0.625000 0.000000
vt 0.625000 0.125796
vt 0.375000 0.125796
vt 0.125000 0.624204
vt 0.375000 0.624204
vt 0.375000 0.750000
vt 0.125000 0.750000
vt 0.625000 0.750000
vt 0.625000 1.000000
vt 0.375000 1.000000
vt 0.625000 0.624204
vt 0.375000 0.500000
vt 0.625000 0.500000
vt 0.125000 0.500000
vt 0.875000 0.624204
vt 0.875000 0.750000
vt 0.875000 0.500000
vt 0.625000 0.250000
vt 0.375000 0.250000
vt 0.375000 0.000000
vt 0.625000 0.000000
vt 0.625000 0.125000
vt 0.375000 0.125000
vt 0.125000 0.625000
vt 0.375000 0.625000
vt 0.375000 0.750000
vt 0.125000 0.750000
vt 0.625000 0.750000
vt 0.625000 1.000000
vt 0.375000 1.000000
vt 0.625000 0.625000
vt 0.375000 0.500000
vt 0.625000 0.500000
vt 0.125000 0.500000
vt 0.875000 0.625000
vt 0.875000 0.750000
vt 0.875000 0.500000
vt 0.625000 0.250000
vt 0.375000 0.250000
vt 0.375000 0.000000
vt 0.500000 0.000000
vt 0.500000 0.250000
vt 0.375000 0.250000
vt 0.125000 0.500000
vt 0.375000 0.500000
vt 0.375000 0.750000
vt 0.125000 0.750000
vt 0.500000 0.750000
vt 0.500000 1.000000
vt 0.375000 1.000000
vt 0.562500 0.750000
vt 0.562500 1.000000
vt 0.562500 0.000000
vt 0.562500 0.250000
vt 0.625000 0.750000
vt 0.625000 1.000000
vt 0.625000 0.000000
vt 0.625000 0.250000
vt 0.562500 0.500000
vt 0.500000 0.500000
vt 0.625000 0.500000
vt 0.875000 0.500000
vt 0.875000 0.750000
vt 0.375000 0.000000
vt 0.500000 0.000000
vt 0.500000 0.250000
vt 0.375000 0.250000
vt 0.125000 0.500000
vt 0.375000 0.500000
vt 0.375000 0.750000
vt 0.125000 0.750000
vt 0.500000 0.750000
vt 0.500000 1.000000
vt 0.375000 1.000000
vt 0.625000 0.750000
vt 0.625000 1.000000
vt 0.625000 0.000000
vt 0.625000 0.250000
vt 0.500000 0.500000
vt 0.625000 0.500000
vt 0.875000 0.500000
vt 0.875000 0.750000
vt 0.375000 0.000000
vt 0.625000 0.000000
vt 0.625000 0.125000
vt 0.375000 0.125000
vt 0.125000 0.625000
vt 0.375000 0.625000
vt 0.375000 0.750000
vt 0.125000 0.750000
vt 0.625000 0.750000
vt 0.625000 1.000000
vt 0.375000 1.000000
vt 0.625000 0.625000
vt 0.375000 0.500000
vt 0.625000 0.500000
vt 0.125000 0.500000
vt 0.875000 0.625000
vt 0.875000 0.750000
vt 0.875000 0.500000
vt 0.625000 0.250000
vt 0.375000 0.250000
vt 0.375000 0.000000
vt 0.500000 0.000000
vt 0.500000 0.125000
vt 0.375000 0.125000
vt 0.125000 0.625000
vt 0.375000 0.625000
vt 0.375000 0.750000
vt 0.125000 0.750000
vt 0.500000 0.750000
vt 0.500000 1.000000
vt 0.375000 1.000000
vt 0.625000 0.000000
vt 0.625000 0.125000
vt 0.625000 0.750000
vt 0.625000 1.000000
vt 0.500000 0.625000
vt 0.625000 0.625000
vt 0.375000 0.500000
vt 0.500000 0.500000
vt 0.625000 0.500000
vt 0.375000 0.250000
vt 0.500000 0.250000
vt 0.625000 0.250000
vt 0.875000 0.500000
vt 0.875000 0.625000
vt 0.875000 0.750000
vt 0.125000 0.500000
vt 0.125000 0.500000
vt 0.375000 0.500000
vt 0.375000 0.750000
vt 0.125000 0.750000
vt 0.375000 0.000000
vt 0.625000 0.000000
vt 0.625000 0.250000
vt 0.375000 0.250000
vt 0.625000 0.750000
vt 0.625000 1.000000
vt 0.375000 1.000000
vt 0.625000 0.500000
vt 0.875000 0.500000
vt 0.875000 0.750000
vt 0.375000 0.000000
vt 0.625000 0.000000
vt 0.625000 0.125796
vt 0.375000 0.125796
vt 0.125000 0.624204
vt 0.375000 0.624204
vt 0.375000 0.750000
vt 0.125000 0.750000
vt 0.625000 0.750000
vt 0.625000 1.000000
vt 0.375000 1.000000
vt 0.625000 0.624204
vt 0.375000 0.500000
vt 0.625000 0.500000
vt 0.125000 0.500000
vt 0.875000 0.624204
vt 0.875000 0.750000
vt 0.875000 0.500000
vt 0.625000 0.250000
vt 0.375000 0.250000
vt 0.375000 0.000000
vt 0.625000 0.000000
vt 0.625000 0.125000
vt 0.375000 0.125000
vt 0.125000 0.625000
vt 0.375000 0.625000
vt 0.375000 0.750000
vt 0.125000 0.750000
vt 0.625000 0.750000
vt 0.625000 1.000000
vt 0.375000 1.000000
vt 0.625000 0.625000
vt 0.375000 0.500000
vt 0.625000 0.500000
vt 0.125000 0.500000
vt 0.875000 0.625000
vt 0.875000 0.750000
vt 0.875000 0.500000
vt 0.625000 0.250000
vt 0.375000 0.250000
vt 0.375000 0.000000
vt 0.500000 0.000000
vt 0.500000 0.250000
vt 0.375000 0.250000
vt 0.125000 0.500000
vt 0.375000 0.500000
vt 0.375000 0.750000
vt 0.125000 0.750000
vt 0.500000 0.750000
vt 0.500000 1.000000
vt 0.375000 1.000000
vt 0.562500 0.750000
vt 0.562500 1.000000
vt 0.562500 0.000000
vt 0.562500 0.250000
vt 0.625000 0.750000
vt 0.625000 1.000000
vt 0.625000 0.000000
vt 0.625000 0.250000
vt 0.562500 0.500000
vt 0.500000 0.500000
vt 0.625000 0.500000
vt 0.875000 0.500000
vt 0.875000 0.750000
vt 0.375000 0.000000
vt 0.500000 0.000000
vt 0.500000 0.250000
vt 0.375000 0.250000
vt 0.125000 0.500000
vt 0.375000 0.500000
vt 0.375000 0.750000
vt 0.125000 0.750000
vt 0.500000 0.750000
vt 0.500000 1.000000
vt 0.375000 1.000000
vt 0.625000 0.750000
vt 0.625000 1.000000
vt 0.625000 0.000000
vt 0.625000 0.250000
vt 0.500000 0.500000
vt 0.625000 0.500000
vt 0.875000 0.500000
vt 0.875000 0.750000
vt 0.375000 0.000000
vt 0.625000 0.000000
vt 0.625000 0.125000
vt 0.375000 0.125000
vt 0.125000 0.625000
vt 0.375000 0.625000
vt 0.375000 0.750000
vt 0.125000 0.750000
vt 0.625000 0.750000
vt 0.625000 1.000000
vt 0.375000 1.000000
vt 0.625000 0.625000
vt 0.375000 0.500000
vt 0.625000 0.500000
vt 0.125000 0.500000
vt 0.875000 0.625000
vt 0.875000 0.750000
vt 0.875000 0.500000
vt 0.625000 0.250000
vt 0.375000 0.250000
vt 0.375000 0.000000
vt 0.500000 0.000000
vt 0.500000 0.125000
vt 0.375000 0.125000
vt 0.125000 0.625000
vt 0.375000 0.625000
vt 0.375000 0.750000
vt 0.125000 0.750000
vt 0.500000 0.750000
vt 0.500000 1.000000
vt 0.375000 1.000000
vt 0.625000 0.000000
vt 0.625000 0.125000
vt 0.625000 0.750000
vt 0.625000 1.000000
vt 0.500000 0.625000
vt 0.625000 0.625000
vt 0.375000 0.500000
vt 0.500000 0.500000
vt 0.625000 0.500000
vt 0.375000 0.250000
vt 0.500000 0.250000
vt 0.625000 0.250000
vt 0.875000 0.500000
vt 0.875000 0.625000
vt 0.875000 0.750000
vt 0.125000 0.500000
vt 0.125000 0.500000
vt 0.375000 0.500000
vt 0.375000 0.750000
vt 0.125000 0.750000
vt 0.375000 0.000000
vt 0.625000 0.000000
vt 0.625000 0.250000
vt 0.375000 0.250000
vt 0.625000 0.750000
vt 0.625000 1.000000
vt 0.375000 1.000000
vt 0.625000 0.500000
vt 0.875000 0.500000
vt 0.875000 0.750000
vt 0.375000 0.000000
vt 0.625000 0.000000
vt 0.625000 0.125796
vt 0.375000 0.125796
vt 0.125000 0.624204
vt 0.375000 0.624204
vt 0.375000 0.750000
vt 0.125000 0.750000
vt 0.625000 0.750000
vt 0.625000 1.000000
vt 0.375000 1.000000
vt 0.625000 0.624204
vt 0.375000 0.500000
vt 0.625000 0.500000
vt 0.125000 0.500000
vt 0.875000 0.624204
vt 0.875000 0.750000
vt 0.875000 0.500000
vt 0.625000 0.250000
vt 0.375000 0.250000
vt 0.375000 0.000000
vt 0.625000 0.000000
vt 0.625000 0.125000
vt 0.375000 0.125000
vt 0.125000 0.625000
vt 0.375000 0.625000
vt 0.375000 0.750000
vt 0.125000 0.750000
vt 0.625000 0.750000
vt 0.625000 1.000000
vt 0.375000 1.000000
vt 0.625000 0.625000
vt 0.375000 0.500000
vt 0.625000 0.500000
vt 0.125000 0.500000
vt 0.875000 0.625000
vt 0.875000 0.750000
vt 0.875000 0.500000
vt 0.625000 0.250000
vt 0.375000 0.250000
vt 0.375000 0.000000
vt 0.500000 0.000000
vt 0.500000 0.250000
vt 0.375000 0.250000
vt 0.125000 0.500000
vt 0.375000 0.500000
vt 0.375000 0.750000
vt 0.125000 0.750000
vt 0.500000 0.750000
vt 0.500000 1.000000
vt 0.375000 1.000000
vt 0.562500 0.750000
vt 0.562500 1.000000
vt 0.562500 0.000000
vt 0.562500 0.250000
vt 0.625000 0.750000
vt 0.625000 1.000000
vt 0.625000 0.000000
vt 0.625000 0.250000
vt 0.562500 0.500000
vt 0.500000 0.500000
vt 0.625000 0.500000
vt 0.875000 0.500000
vt 0.875000 0.750000
vt 0.375000 0.000000
vt 0.500000 0.000000
vt 0.500000 0.250000
vt 0.375000 0.250000
vt 0.125000 0.500000
vt 0.375000 0.500000
vt 0.375000 0.750000
vt 0.125000 0.750000
vt 0.500000 0.750000
vt 0.500000 1.000000
vt 0.375000 1.000000
vt 0.625000 0.750000
vt 0.625000 1.000000
vt 0.625000 0.000000
vt 0.625000 0.250000
vt 0.500000 0.500000
vt 0.625000 0.500000
vt 0.875000 0.500000
vt 0.875000 0.750000
vt 0.375000 0.000000
vt 0.625000 0.000000
vt 0.625000 0.125000
vt 0.375000 0.125000
vt 0.125000 0.625000
vt 0.375000 0.625000
vt 0.375000 0.750000
vt 0.125000 0.750000
vt 0.625000 0.750000
vt 0.625000 1.000000
vt 0.375000 1.000000
vt 0.625000 0.625000
vt 0.375000 0.500000
vt 0.625000 0.500000
vt 0.125000 0.500000
vt 0.875000 0.625000
vt 0.875000 0.750000
vt 0.875000 0.500000
vt 0.625000 0.250000
vt 0.375000 0.250000
vt 0.375000 0.000000
vt 0.500000 0.000000
vt 0.500000 0.125000
vt 0.375000 0.125000
vt 0.125000 0.625000
vt 0.375000 0.625000
vt 0.375000 0.750000
vt 0.125000 0.750000
vt 0.500000 0.750000
vt 0.500000 1.000000
vt 0.375000 1.000000
vt 0.625000 0.000000
vt 0.625000 0.125000
vt 0.625000 0.750000
vt 0.625000 1.000000
vt 0.500000 0.625000
vt 0.625000 0.625000
vt 0.375000 0.500000
vt 0.500000 0.500000
vt 0.625000 0.500000
vt 0.375000 0.250000
vt 0.500000 0.250000
vt 0.625000 0.250000
vt 0.875000 0.500000
vt 0.875000 0.625000
vt 0.875000 0.750000
vt 0.125000 0.500000
vt 0.125000 0.500000
vt 0.375000 0.500000
vt 0.375000 0.750000
vt 0.125000 0.750000
vt 0.375000 0.000000
vt 0.625000 0.000000
vt 0.625000 0.250000
vt 0.375000 0.250000
vt 0.625000 0.750000
vt 0.625000 1.000000
vt 0.375000 1.000000
vt 0.625000 0.500000
vt 0.875000 0.500000
vt 0.875000 0.750000
vt 0.375000 0.000000
vt 0.625000 0.000000
vt 0.625000 0.125796
vt 0.375000 0.125796
vt 0.125000 0.624204
vt 0.375000 0.624204
vt 0.375000 0.750000
vt 0.125000 0.750000
vt 0.625000 0.750000
vt 0.625000 1.000000
vt 0.375000 1.000000
vt 0.625000 0.624204
vt 0.375000 0.500000
vt 0.625000 0.500000
vt 0.125000 0.500000
vt 0.875000 0.624204
vt 0.875000 0.750000
vt 0.875000 0.500000
vt 0.625000 0.250000
vt 0.375000 0.250000
vt 0.375000 0.000000
vt 0.625000 0.000000
vt 0.625000 0.125000
vt 0.375000 0.125000
vt 0.125000 0.625000
vt 0.375000 0.625000
vt 0.375000 0.750000
vt 0.125000 0.750000
vt 0.625000 0.750000
vt 0.625000 1.000000
vt 0.375000 1.000000
vt 0.625000 0.625000
vt 0.375000 0.500000
vt 0.625000 0.500000
vt 0.125000 0.500000
vt 0.875000 0.625000
vt 0.875000 0.750000
vt 0.875000 0.500000
vt 0.625000 0.250000
vt 0.375000 0.250000
vt 0.375000 0.000000
vt 0.500000 0.000000
vt 0.500000 0.250000
vt 0.375000 0.250000
vt 0.125000 0.500000
vt 0.375000 0.500000
vt 0.375000 0.750000
vt 0.125000 0.750000
vt 0.500000 0.750000
vt 0.500000 1.000000
vt 0.375000 1.000000
vt 0.562500 0.750000
vt 0.562500 1.000000
vt 0.562500 0.000000
vt 0.562500 0.250000
vt 0.625000 0.750000
vt 0.625000 1.000000
vt 0.625000 0.000000
vt 0.625000 0.250000
vt 0.562500 0.500000
vt 0.500000 0.500000
vt 0.625000 0.500000
vt 0.875000 0.500000
vt 0.875000 0.750000
vt 0.375000 0.000000
vt 0.500000 0.000000
vt 0.500000 0.250000
vt 0.375000 0.250000
vt 0.125000 0.500000
vt 0.375000 0.500000
vt 0.375000 0.750000
vt 0.125000 0.750000
vt 0.500000 0.750000
vt 0.500000 1.000000
vt 0.375000 1.000000
vt 0.625000 0.750000
vt 0.625000 1.000000
vt 0.625000 0.000000
vt 0.625000 0.250000
vt 0.500000 0.500000
vt 0.625000 0.500000
vt 0.875000 0.500000
vt 0.875000 0.750000
vt 0.375000 0.000000
vt 0.625000 0.000000
vt 0.625000 0.125000
vt 0.375000 0.125000
vt 0.125000 0.625000
vt 0.375000 0.625000
vt 0.375000 0.750000
vt 0.125000 0.750000
vt 0.625000 0.750000
vt 0.625000 1.000000
vt 0.375000 1.000000
vt 0.625000 0.625000
vt 0.375000 0.500000
vt 0.625000 0.500000
vt 0.125000 0.500000
vt 0.875000 0.625000
vt 0.875000 0.750000
vt 0.875000 0.500000
vt 0.625000 0.250000
vt 0.375000 0.250000
vn 0.0888 0.9780 0.1888
vn -0.3368 0.9096 0.2434
vn -0.2805 0.6842 0.6732
vn 0.0356 0.7823 0.6219
vn 0.0969 -0.2150 0.9718
vn 0.0444 0.2203 0.9744
vn -0.2227 0.1707 0.9598
vn -0.1863 -0.2171 0.9582
vn -0.7247 -0.5706 -0.3863
vn -0.8073 0.4127 -0.4219
vn -0.5272 0.2043 -0.8248
vn -0.4925 -0.3176 -0.8103
vn -0.1535 -0.9740 0.1666
vn 0.2829 -0.9508 0.1261
vn 0.2152 -0.8119 0.5426
vn -0.1416 -0.7908 0.5955
vn 0.8849 -0.4135 0.2143
vn 0.7851 0.5713 0.2392
vn 0.5694 0.3899 0.7237
vn 0.6557 -0.2837 0.6997
vn -0.1866 -0.2177 -0.9580
vn -0.2255 0.1678 -0.9597
vn 0.0440 0.2196 -0.9746
vn 0.0977 -0.2119 -0.9724
vn 0.6531 -0.2731 -0.7063
vn 0.5664 0.3907 -0.7256
vn 0.7824 0.5709 -0.2488
vn 0.8839 -0.4079 -0.2290
vn -0.1410 -0.7898 -0.5970
vn 0.2171 -0.8076 -0.5483
vn 0.2840 -0.9500 -0.1302
vn -0.1534 -0.9739 -0.1671
vn -0.4918 -0.3162 0.8113
vn -0.5231 0.2075 0.8266
vn -0.8043 0.4139 0.4264
vn -0.7247 -0.5703 0.3868
vn 0.0340 0.7851 -0.6184
vn -0.2865 0.6853 -0.6695
vn -0.3401 0.9114 -0.2315
vn 0.0884 0.9801 -0.1780
vn -0.8970 -0.2094 0.3892
vn -0.0890 -0.9774 0.1917
vn -0.5384 -0.1960 0.8196
vn 0.0176 -0.9988 -0.0447
vn -0.1598 -0.2850 0.9451
vn 0.0074 -0.9891 0.1469
vn 0.1205 -0.9828 0.1401
vn 0.1934 -0.9715 0.1370
vn 0.1244 -0.9871 -0.1008
vn -0.0737 -0.9898 0.1218
vn 0.0833 -0.9943 0.0669
vn 0.2576 -0.2931 0.9207
vn 0.5492 -0.2223 0.8056
vn 0.5492 0.2223 0.8056
vn 0.2576 0.2931 0.9207
vn -0.1598 0.2850 0.9451
vn -0.0568 0.8251 0.5621
vn 0.2179 0.8201 0.5291
vn 0.1934 0.9715 0.1370
vn 0.0074 0.9891 0.1469
vn 0.4845 0.8664 0.1209
vn 0.4872 0.7411 0.4620
vn 0.9259 0.3692 0.0799
vn 0.8565 0.2780 0.4349
vn 0.9259 -0.3692 0.0799
vn 0.8565 -0.2780 0.4349
vn 0.9262 0.3686 -0.0790
vn 0.9262 -0.3686 -0.0790
vn 0.8643 0.2767 -0.4200
vn 0.8643 -0.2767 -0.4200
vn -0.0712 -0.9902 -0.1198
vn 0.0848 -0.9943 -0.0642
vn 0.1236 -0.9877 0.0958
vn 0.1947 -0.9717 -0.1340
vn 0.0182 -0.9989 0.0425
vn 0.0060 -0.9896 -0.1438
vn -0.0944 -0.9783 -0.1846
vn 0.1174 -0.9835 -0.1380
vn -0.9030 -0.2078 -0.3761
vn -0.9634 -0.2599 -0.0652
vn -0.9634 0.2599 -0.0652
vn -0.9030 0.2078 -0.3761
vn -0.5738 0.1984 -0.7946
vn -0.5738 -0.1984 -0.7946
vn -0.1836 0.2986 -0.9365
vn -0.1836 -0.2986 -0.9365
vn 0.2793 0.3068 -0.9099
vn 0.2793 -0.3068 -0.9099
vn 0.5808 0.2261 -0.7821
vn 0.5808 -0.2261 -0.7821
vn 0.2252 0.8307 -0.5091
vn 0.4992 0.7437 -0.4447
vn 0.1947 0.9717 -0.1340
vn 0.4866 0.8655 -0.1188
vn -0.0648 0.8375 -0.5426
vn 0.0060 0.9896 -0.1438
vn -0.4900 0.7211 -0.4898
vn -0.4881 0.8625 -0.1337
vn -0.4856 0.8636 0.1359
vn -0.9633 0.2604 0.0658
vn -0.8970 0.2094 0.3892
vn -0.4746 0.7191 0.5076
vn -0.9633 -0.2604 0.0658
vn -0.5384 0.1960 0.8196
vn -0.6658 -0.0627 0.7435
vn 0.0512 -0.9966 0.0648
vn 0.5282 -0.5237 0.6684
vn -0.6826 0.0329 0.7300
vn 0.5972 0.2686 0.7557
vn 0.8772 -0.0627 -0.4760
vn 0.8680 0.0329 -0.4955
vn 0.7517 0.0081 -0.6594
vn 0.7422 -0.0032 -0.6702
vn -0.6105 0.1751 -0.7725
vn -0.6132 0.1483 -0.7759
vn -0.8153 0.0081 0.5790
vn -0.8236 -0.0032 0.5672
vn 0.1106 0.9840 0.1399
vn 0.1782 0.9578 0.2254
vn -0.2840 -0.8890 -0.3593
vn -0.1415 -0.9736 -0.1791
vn -0.7846 0.0000 0.6200
vn 0.6183 -0.0751 0.7824
vn 0.7846 -0.0000 -0.6200
vn 0.2343 0.9259 0.2964
vn -0.5300 0.5190 -0.6706
vn -0.7617 -0.0092 0.6478
vn -0.3455 -0.8303 -0.4372
vn 0.5304 -0.5179 0.6712
vn 0.8063 -0.0092 -0.5914
vn 0.7166 0.0560 -0.6952
vn -0.4696 -0.6529 -0.5943
vn 0.3958 0.7698 0.5008
vn 0.1230 0.9801 0.1557
vn -0.8420 0.0560 0.5365
vn -0.6191 0.0560 -0.7833
vn 0.2889 -0.8849 0.3655
vn 0.6195 0.0427 0.7839
vn -0.0684 -0.9939 -0.0865
vn 0.0420 0.9977 0.0531
vn -0.4260 0.7265 -0.5391
vn -0.3998 -0.7643 -0.5059
vn -0.8166 0.0037 0.5773
vn -0.3855 -0.7832 -0.4878
vn 0.4806 -0.6319 0.6081
vn 0.5113 -0.5657 0.6470
vn -0.7906 -0.0066 0.6123
vn 0.5671 -0.4042 0.7176
vn -0.7856 0.1722 0.5942
vn -0.4841 0.6248 -0.6126
vn -0.5110 0.5664 -0.6466
vn 0.7785 -0.0066 -0.6276
vn 0.7597 0.1722 -0.6270
vn 0.0213 0.9994 0.0270
vn -0.5424 0.4844 -0.6864
vn 0.7503 0.0037 -0.6610
vn -0.8340 -0.0295 0.5510
vn -0.5146 -0.5579 -0.6511
vn 0.5840 -0.3357 0.7390
vn 0.6082 -0.1947 0.7696
vn -0.6185 0.0713 -0.7826
vn -0.5003 0.5908 -0.6330
vn 0.7288 -0.0295 -0.6841
vn -0.0068 0.9999 -0.0086
vn -0.8709 0.1340 0.4728
vn 0.3617 -0.8122 0.4577
vn 0.3977 0.7671 0.5033
vn 0.6613 0.1340 -0.7381
vn 0.6397 0.0926 -0.7630
vn 0.2404 -0.9218 0.3041
vn -0.2425 0.9204 -0.3068
vn -0.3804 0.7896 -0.4814
vn -0.8902 0.0926 0.4461
vn -0.6017 -0.2417 -0.7613
vn -0.9594 -0.0627 0.2749
vn 0.0089 -0.9966 0.0822
vn 0.0913 -0.5237 0.8470
vn -0.9665 0.0329 0.2545
vn 0.1032 0.2686 0.9577
vn 0.9960 -0.0627 0.0641
vn 0.9985 0.0329 0.0427
vn 0.9874 0.0081 -0.1580
vn 0.9851 -0.0032 -0.1722
vn -0.1055 0.1751 -0.9789
vn -0.1060 0.1483 -0.9832
vn -0.9984 0.0081 0.0560
vn -0.9991 -0.0032 0.0416
vn 0.0191 0.9840 0.1773
vn 0.0308 0.9578 0.2857
vn -0.0491 -0.8890 -0.4553
vn -0.0245 -0.9736 -0.2270
vn -0.9942 0.0000 0.1072
vn 0.1069 -0.0751 0.9914
vn 0.9942 -0.0000 -0.1072
vn 0.0405 0.9259 0.3756
vn -0.0916 0.5190 -0.8498
vn -0.9897 -0.0092 0.1428
vn -0.0597 -0.8303 -0.5541
vn 0.0917 -0.5179 0.8505
vn 0.9974 -0.0092 -0.0713
vn 0.9767 0.0560 -0.2070
vn -0.0812 -0.6529 -0.7531
vn 0.0684 0.7698 0.6346
vn 0.0213 0.9801 0.1973
vn -0.9984 0.0560 0.0059
vn -0.1070 0.0560 -0.9927
vn 0.0499 -0.8849 0.4632
vn 0.1071 0.0427 0.9933
vn -0.0118 -0.9939 -0.1097
vn 0.0073 0.9977 0.0673
vn -0.0736 0.7265 -0.6832
vn -0.0691 -0.7643 -0.6411
vn -0.9985 0.0037 0.0539
vn -0.0666 -0.7832 -0.6181
vn 0.0831 -0.6319 0.7706
vn 0.0884 -0.5657 0.8199
vn -0.9952 -0.0066 0.0975
vn 0.0980 -0.4042 0.9094
vn -0.9814 0.1722 0.0847
vn -0.0837 0.6248 -0.7763
vn -0.0883 0.5664 -0.8194
vn 0.9931 -0.0066 -0.1168
vn 0.9769 0.1722 -0.1263
vn 0.0037 0.9994 0.0342
vn -0.0937 0.4844 -0.8698
vn 0.9871 0.0037 -0.1601
vn -0.9993 -0.0295 0.0224
vn -0.0889 -0.5579 -0.8251
vn 0.1009 -0.3357 0.9365
vn 0.1051 -0.1947 0.9752
vn -0.1069 0.0713 -0.9917
vn -0.0865 0.5908 -0.8022
vn 0.9811 -0.0295 -0.1910
vn -0.0012 0.9999 -0.0109
vn -0.9889 0.1340 -0.0634
vn 0.0625 -0.8122 0.5800
vn 0.0687 0.7671 0.6378
vn 0.9527 0.1340 -0.2727
vn 0.9477 0.0926 -0.3053
vn 0.0415 -0.9218 0.3854
vn -0.0419 0.9204 -0.3888
vn -0.0657 0.7896 -0.6100
vn -0.9910 0.0926 -0.0963
vn -0.1040 -0.2417 -0.9648
vn -0.9977 -0.0627 0.0249
vn -0.0121 -0.9966 0.0818
vn -0.1245 -0.5237 0.8428
vn -0.9995 0.0329 0.0035
vn -0.1408 0.2686 0.9529
vn 0.9479 -0.0627 0.3124
vn 0.9558 0.0329 0.2923
vn 0.9954 0.0081 0.0952
vn 0.9967 -0.0032 0.0809
vn 0.1439 0.1751 -0.9740
vn 0.1445 0.1483 -0.9783
vn -0.9804 0.0081 -0.1967
vn -0.9775 -0.0032 -0.2108
vn -0.0261 0.9840 0.1764
vn -0.0420 0.9578 0.2842
vn 0.0669 -0.8890 -0.4531
vn 0.0334 -0.9736 -0.2258
vn -0.9893 -0.0000 -0.1461
vn -0.1457 -0.0751 0.9865
vn 0.9893 0.0000 0.1461
vn -0.0552 0.9259 0.3738
vn 0.1249 0.5190 -0.8456
vn -0.9938 -0.0092 -0.1105
vn 0.0814 -0.8303 -0.5513
vn -0.1250 -0.5179 0.8463
vn 0.9833 -0.0092 0.1816
vn 0.9974 0.0560 0.0451
vn 0.1107 -0.6529 -0.7493
vn -0.0933 0.7698 0.6314
vn -0.0290 0.9801 0.1963
vn -0.9679 0.0560 -0.2452
vn 0.1459 0.0560 -0.9877
vn -0.0681 -0.8849 0.4609
vn -0.1460 0.0427 0.9884
vn 0.0161 -0.9939 -0.1091
vn -0.0099 0.9977 0.0670
vn 0.1004 0.7265 -0.6797
vn 0.0942 -0.7643 -0.6379
vn -0.9800 0.0037 -0.1987
vn 0.0909 -0.7832 -0.6150
vn -0.1133 -0.6319 0.7667
vn -0.1205 -0.5657 0.8158
vn -0.9878 -0.0066 -0.1558
vn -0.1337 -0.4042 0.9049
vn -0.9712 0.1722 -0.1646
vn 0.1141 0.6248 -0.7724
vn 0.1204 0.5664 -0.8153
vn 0.9906 -0.0066 0.1365
vn 0.9773 0.1722 0.1232
vn -0.0050 0.9994 0.0340
vn 0.1278 0.4844 -0.8654
vn 0.9956 0.0037 0.0931
vn -0.9729 -0.0295 -0.2294
vn 0.1213 -0.5579 -0.8210
vn -0.1377 -0.3357 0.9318
vn -0.1433 -0.1947 0.9703
vn 0.1458 0.0713 -0.9867
vn 0.1179 0.5908 -0.7982
vn 0.9977 -0.0295 0.0617
vn 0.0016 0.9999 -0.0109
vn -0.9413 0.1340 -0.3099
vn -0.0853 -0.8122 0.5771
vn -0.0937 0.7671 0.6346
vn 0.9907 0.1340 -0.0245
vn 0.9941 0.0926 -0.0573
vn -0.0567 -0.9218 0.3835
vn 0.0571 0.9204 -0.3869
vn 0.0897 0.7896 -0.6070
vn -0.9350 0.0926 -0.3423
vn 0.1418 -0.2417 -0.9599
vn -0.8720 -0.0614 -0.4856
vn -0.0530 -0.9964 0.0656
vn -0.5386 -0.5158 0.6662
vn -0.8625 0.0323 -0.5050
vn -0.6064 0.2635 0.7502
vn 0.6576 -0.0614 0.7508
vn 0.6746 0.0323 0.7375
vn 0.8089 0.0079 0.5879
vn 0.8173 -0.0032 0.5762
vn 0.6193 0.1716 -0.7662
vn 0.6220 0.1454 -0.7694
vn -0.7444 0.0079 -0.6677
vn -0.7347 -0.0032 -0.6784
vn -0.1144 0.9833 0.1415
vn -0.1841 0.9562 0.2277
vn 0.2926 -0.8851 -0.3620
vn 0.1463 -0.9725 -0.1810
vn -0.7777 -0.0000 -0.6286
vn -0.6269 -0.0736 0.7756
vn 0.7777 -0.0000 0.6286
vn -0.2417 0.9231 0.2991
vn 0.5403 0.5112 -0.6684
vn -0.7998 -0.0090 -0.6002
vn 0.3553 -0.8249 -0.4396
vn -0.5407 -0.5101 0.6689
vn 0.7546 -0.0090 0.6562
vn 0.8361 0.0549 0.5458
vn 0.4803 -0.6451 -0.5942
vn -0.4062 0.7633 0.5025
vn -0.1272 0.9793 0.1574
vn -0.7090 0.0549 -0.7031
vn 0.6277 0.0548 -0.7765
vn -0.2976 -0.8808 0.3682
vn -0.6281 0.0419 0.7770
vn 0.0708 -0.9936 -0.0875
vn -0.0434 0.9976 0.0537
vn 0.4366 0.7194 -0.5402
vn 0.4102 -0.7577 -0.5075
vn -0.7430 0.0037 -0.6693
vn 0.3958 -0.7769 -0.4896
vn -0.4912 -0.6240 0.6077
vn -0.5218 -0.5577 0.6455
vn -0.7715 -0.0064 -0.6362
vn -0.5769 -0.3972 0.7137
vn -0.7532 0.1688 -0.6358
vn 0.4948 0.6169 -0.6121
vn 0.5215 0.5585 -0.6451
vn 0.7838 -0.0064 0.6210
vn 0.7795 0.1688 0.6032
vn -0.0221 0.9994 0.0273
vn 0.5526 0.4768 -0.6836
vn 0.8101 0.0037 0.5862
vn -0.7213 -0.0289 -0.6921
vn 0.5250 -0.5500 -0.6495
vn -0.5935 -0.3296 0.7342
vn -0.6171 -0.1909 0.7634
vn 0.6271 0.0699 -0.7758
vn 0.5108 0.5828 -0.6319
vn 0.8279 -0.0289 0.5602
vn 0.0071 0.9999 -0.0087
vn -0.6533 0.1313 -0.7456
vn -0.3717 -0.8064 0.4599
vn -0.4082 0.7606 0.5049
vn 0.8660 0.1313 0.4825
vn 0.8854 0.0907 0.4559
vn -0.2480 -0.9189 0.3068
vn 0.2502 0.9174 -0.3095
vn 0.3907 0.7834 -0.4833
vn -0.6314 0.0907 -0.7701
vn 0.6107 -0.2370 -0.7555
vn 0.8772 -0.0627 0.4760
vn 0.0512 -0.9966 -0.0648
vn 0.5282 -0.5237 -0.6684
vn 0.8680 0.0329 0.4955
vn 0.5972 0.2686 -0.7557
vn -0.6658 -0.0627 -0.7435
vn -0.6826 0.0329 -0.7300
vn -0.8153 0.0081 -0.5790
vn -0.8236 -0.0032 -0.5672
vn -0.6105 0.1751 0.7725
vn -0.6132 0.1483 0.7759
vn 0.7517 0.0081 0.6594
vn 0.7422 -0.0032 0.6702
vn 0.1106 0.9840 -0.1399
vn 0.1782 0.9578 -0.2254
vn -0.2840 -0.8890 0.3593
vn -0.1415 -0.9736 0.1791
vn 0.7846 0.0000 0.6200
vn 0.6183 -0.0751 -0.7824
vn -0.7846 0.0000 -0.6200
vn 0.2343 0.9259 -0.2964
vn -0.5300 0.5190 0.6706
vn 0.8063 -0.0092 0.5914
vn -0.3455 -0.8303 0.4372
vn 0.5304 -0.5179 -0.6712
vn -0.7617 -0.0092 -0.6478
vn -0.8420 0.0560 -0.5365
vn -0.4696 -0.6529 0.5943
vn 0.3958 0.7698 -0.5008
vn 0.1230 0.9801 -0.1557
vn 0.7166 0.0560 0.6952
vn -0.6191 0.0560 0.7833
vn 0.2889 -0.8849 -0.3655
vn 0.6195 0.0427 -0.7839
vn -0.0684 -0.9939 0.0865
vn 0.0420 0.9977 -0.0531
vn -0.4260 0.7265 0.5391
vn -0.3998 -0.7643 0.5059
vn 0.7503 0.0037 0.6610
vn -0.3855 -0.7832 0.4878
vn 0.4806 -0.6319 -0.6081
vn 0.5113 -0.5657 -0.6470
vn 0.7785 -0.0066 0.6276
vn 0.5671 -0.4042 -0.7176
vn 0.7597 0.1722 0.6270
vn -0.4841 0.6248 0.6126
vn -0.5110 0.5664 0.6466
vn -0.7906 -0.0066 -0.6123
vn -0.7856 0.1722 -0.5942
vn 0.0213 0.9994 -0.0270
vn -0.5424 0.4844 0.6864
vn -0.8166 0.0037 -0.5773
vn 0.7288 -0.0295 0.6841
vn -0.5146 -0.5579 0.6511
vn 0.5840 -0.3357 -0.7390
vn 0.6082 -0.1947 -0.7696
vn -0.6185 0.0713 0.7826
vn -0.5003 0.5908 0.6330
vn -0.8340 -0.0295 -0.5510
vn -0.0068 0.9999 0.0086
vn 0.6613 0.1340 0.7381
vn 0.3617 -0.8122 -0.4577
vn 0.3977 0.7671 -0.5033
vn -0.8709 0.1340 -0.4728
vn -0.8902 0.0926 -0.4461
vn 0.2404 -0.9218 -0.3041
vn -0.2425 0.9204 0.3068
vn -0.3804 0.7896 0.4814
vn 0.6397 0.0926 0.7630
vn -0.6017 -0.2417 0.7613
vn 0.9960 -0.0627 -0.0641
vn 0.0089 -0.9966 -0.0822
vn 0.0913 -0.5237 -0.8470
vn 0.9985 0.0329 -0.0427
vn 0.1032 0.2686 -0.9577
vn -0.9594 -0.0627 -0.2749
vn -0.9665 0.0329 -0.2545
vn -0.9984 0.0081 -0.0560
vn -0.9991 -0.0032 -0.0416
vn -0.1055 0.1751 0.9789
vn -0.1060 0.1483 0.9832
vn 0.9874 0.0081 0.1580
vn 0.9851 -0.0032 0.1722
vn 0.0191 0.9840 -0.1773
vn 0.0308 0.9578 -0.2857
vn -0.0491 -0.8890 0.4553
vn -0.0245 -0.9736 0.2270
vn 0.9942 0.0000 0.1072
vn 0.1069 -0.0751 -0.9914
vn -0.9942 -0.0000 -0.1072
vn 0.0405 0.9259 -0.3756
vn -0.0916 0.5190 0.8498
vn 0.9974 -0.0092 0.0713
vn -0.0597 -0.8303 0.5541
vn 0.0917 -0.5179 -0.8505
vn -0.9897 -0.0092 -0.1428
vn -0.9984 0.0560 -0.0059
vn -0.0812 -0.6529 0.7531
vn 0.0684 0.7698 -0.6346
vn 0.0213 0.9801 -0.1973
vn 0.9767 0.0560 0.2070
vn -0.1070 0.0560 0.9927
vn 0.0499 -0.8849 -0.4632
vn 0.1071 0.0427 -0.9933
vn -0.0118 -0.9939 0.1097
vn 0.0073 0.9977 -0.0673
vn -0.0736 0.7265 0.6832
vn -0.0691 -0.7643 0.6411
vn 0.9871 0.0037 0.1601
vn -0.0666 -0.7832 0.6181
vn 0.0831 -0.6319 -0.7706
vn 0.0884 -0.5657 -0.8199
vn 0.9931 -0.0066 0.1168
vn 0.0980 -0.4042 -0.9094
vn 0.9769 0.1722 0.1263
vn -0.0837 0.6248 0.7763
vn -0.0883 0.5664 0.8194
vn -0.9952 -0.0066 -0.0975
vn -0.9814 0.1722 -0.0847
vn 0.0037 0.9994 -0.0342
vn -0.0937 0.4844 0.8698
vn -0.9985 0.0037 -0.0539
vn 0.9811 -0.0295 0.1910
vn -0.0889 -0.5579 0.8251
vn 0.1009 -0.3357 -0.9365
vn 0.1051 -0.1947 -0.9752
vn -0.1069 0.0713 0.9917
vn -0.0865 0.5908 0.8022
vn -0.9993 -0.0295 -0.0224
vn -0.0012 0.9999 0.0109
vn 0.9527 0.1340 0.2727
vn 0.0625 -0.8122 -0.5800
vn 0.0687 0.7671 -0.6378
vn -0.9889 0.1340 0.0634
vn -0.9910 0.0926 0.0963
vn 0.0415 -0.9218 -0.3854
vn -0.0419 0.9204 0.3888
vn -0.0657 0.7896 0.6100
vn 0.9477 0.0926 0.3053
vn -0.1040 -0.2417 0.9648
vn 0.9479 -0.0627 -0.3124
vn -0.0121 -0.9966 -0.0818
vn -0.1245 -0.5237 -0.8428
vn 0.9558 0.0329 -0.2923
vn -0.1408 0.2686 -0.9529
vn -0.9977 -0.0627 -0.0249
vn -0.9995 0.0329 -0.0035
vn -0.9804 0.0081 0.1967
vn -0.9775 -0.0032 0.2108
vn 0.1439 0.1751 0.9740
vn 0.1445 0.1483 0.9783
vn 0.9954 0.0081 -0.0952
vn 0.9967 -0.0032 -0.0809
vn -0.0261 0.9840 -0.1764
vn -0.0420 0.9578 -0.2842
vn 0.0669 -0.8890 0.4531
vn 0.0334 -0.9736 0.2258
vn 0.9893 0.0000 -0.1461
vn -0.1457 -0.0751 -0.9865
vn -0.9893 -0.0000 0.1461
vn -0.0552 0.9259 -0.3738
vn 0.1249 0.5190 0.8456
vn 0.9833 -0.0092 -0.1816
vn 0.0814 -0.8303 0.5513
vn -0.1250 -0.5179 -0.8463
vn -0.9938 -0.0092 0.1105
vn -0.9679 0.0560 0.2452
vn 0.1107 -0.6529 0.7493
vn -0.0933 0.7698 -0.6314
vn -0.0290 0.9801 -0.1963
vn 0.9974 0.0560 -0.0451
vn 0.1459 0.0560 0.9877
vn -0.0681 -0.8849 -0.4609
vn -0.1460 0.0427 -0.9884
vn 0.0161 -0.9939 0.1091
vn -0.0099 0.9977 -0.0670
vn 0.1004 0.7265 0.6797
vn 0.0942 -0.7643 0.6379
vn 0.9956 0.0037 -0.0931
vn 0.0909 -0.7832 0.6150
vn -0.1133 -0.6319 -0.7667
vn -0.1205 -0.5657 -0.8158
vn 0.9906 -0.0066 -0.1365
vn -0.1337 -0.4042 -0.9049
vn 0.9773 0.1722 -0.1232
vn 0.1141 0.6248 0.7724
vn 0.1204 0.5664 0.8153
vn -0.9878 -0.0066 0.1558
vn -0.9712 0.1722 0.1646
vn -0.0050 0.9994 -0.0340
vn 0.1278 0.4844 0.8654
vn -0.9800 0.0037 0.1987
vn 0.9977 -0.0295 -0.0617
vn 0.1213 -0.5579 0.8210
vn -0.1377 -0.3357 -0.9318
vn -0.1433 -0.1947 -0.9703
vn 0.1458 0.0713 0.9867
vn 0.1179 0.5908 0.7982
vn -0.9729 -0.0295 0.2294
vn 0.0016 0.9999 0.0109
vn 0.9907 0.1340 0.0245
vn -0.0853 -0.8122 -0.5771
vn -0.0937 0.7671 -0.6346
vn -0.9413 0.1340 0.3099
vn -0.9350 0.0926 0.3423
vn -0.0567 -0.9218 -0.3835
vn 0.0572 0.9204 0.3869
vn 0.0897 0.7896 0.6070
vn 0.9941 0.0926 0.0573
vn 0.1418 -0.2417 0.9599
vn 0.6576 -0.0614 -0.7508
vn -0.0530 -0.9964 -0.0656
vn -0.5386 -0.5158 -0.6662
vn 0.6746 0.0323 -0.7375
vn -0.6064 0.2635 -0.7502
vn -0.8720 -0.0614 0.4856
vn -0.8625 0.0323 0.5050
vn -0.7444 0.0079 0.6677
vn -0.7347 -0.0032 0.6784
vn 0.6193 0.1716 0.7662
vn 0.6220 0.1454 0.7694
vn 0.8089 0.0079 -0.5879
vn 0.8173 -0.0032 -0.5762
vn -0.1144 0.9833 -0.1415
vn -0.1841 0.9562 -0.2277
vn 0.2926 -0.8851 0.3620
vn 0.1463 -0.9725 0.1810
vn 0.7777 -0.0000 -0.6286
vn -0.6269 -0.0736 -0.7756
vn -0.7777 0.0000 0.6286
vn -0.2417 0.9231 -0.2991
vn 0.5403 0.5112 0.6684
vn 0.7546 -0.0090 -0.6562
vn 0.3553 -0.8249 0.4396
vn -0.5407 -0.5101 -0.6689
vn -0.7998 -0.0090 0.6002
vn -0.7090 0.0549 0.7031
vn 0.4803 -0.6451 0.5942
vn -0.4062 0.7633 -0.5025
vn -0.1272 0.9793 -0.1574
vn 0.8361 0.0549 -0.5458
vn 0.6277 0.0548 0.7765
vn -0.2976 -0.8808 -0.3682
vn -0.6281 0.0419 -0.7770
vn 0.0708 -0.9936 0.0875
vn -0.0434 0.9976 -0.0537
vn 0.4366 0.7194 0.5402
vn 0.4102 -0.7577 0.5075
vn 0.8101 0.0037 -0.5862
vn 0.3958 -0.7769 0.4896
vn -0.4912 -0.6240 -0.6077
vn -0.5218 -0.5577 -0.6455
vn 0.7838 -0.0064 -0.6210
vn -0.5769 -0.3972 -0.7137
vn 0.7795 0.1688 -0.6032
vn 0.4948 0.6169 0.6121
vn 0.5215 0.5585 0.6451
vn -0.7715 -0.0064 0.6362
vn -0.7532 0.1688 0.6358
vn -0.0221 0.9994 -0.0273
vn 0.5526 0.4768 0.6836
vn -0.7430 0.0037 0.6693
vn 0.8279 -0.0289 -0.5602
vn 0.5250 -0.5500 0.6495
vn -0.5935 -0.3296 -0.7342
vn -0.6171 -0.1909 -0.7634
vn 0.6271 0.0699 0.7758
vn 0.5108 0.5828 0.6319
vn -0.7213 -0.0289 0.6921
vn 0.0071 0.9999 0.0087
vn 0.8660 0.1313 -0.4825
vn -0.3717 -0.8064 -0.4599
vn -0.4082 0.7606 -0.5049
vn -0.6533 0.1313 0.7456
vn -0.6314 0.0907 0.7701
vn -0.2480 -0.9189 -0.3068
vn 0.2502 0.9174 0.3095
vn 0.3907 0.7834 0.4833
vn 0.8854 0.0907 -0.4559
vn 0.6107 -0.2370 0.7555
usemtl Material
s off
f 10/1/1 32/2/1 33/3/1 20/4/1
f 32/2/2 11/5/2 27/6/2 33/3/2
f 33/3/3 27/6/3 7/7/3 19/8/3
f 20/4/4 33/3/4 19/8/4 3/9/4
f 4/10/5 17/11/5 34/12/5 21/13/5
f 17/11/6 3/9/6 19/14/6 34/12/6
f 34/12/7 19/14/7 7/15/7 16/16/7
f 21/13/8 34/12/8 16/16/8 8/17/8
f 9/18/9 31/19/9 35/20/9 25/21/9
f 31/19/10 11/22/10 22/23/10 35/20/10
f 35/20/11 22/23/11 5/24/11 18/25/11
f 25/21/12 35/20/12 18/25/12 6/26/12
f 9/27/13 30/28/13 36/29/13 13/30/13
f 30/28/14 12/31/14 28/32/14 36/29/14
f 36/29/15 28/32/15 4/10/15 21/33/15
f 13/30/16 36/29/16 21/33/16 8/34/16
f 12/31/17 29/35/17 37/36/17 28/32/17
f 29/35/18 10/1/18 20/4/18 37/36/18
f 37/36/19 20/4/19 3/9/19 17/11/19
f 28/32/20 37/36/20 17/11/20 4/10/20
f 6/26/21 18/25/21 38/37/21 14/38/21
f 18/25/22 5/24/22 23/39/22 38/37/22
f 38/37/23 23/39/23 1/40/23 15/41/23
f 14/38/24 38/37/24 15/41/24 2/42/24
f 2/42/25 15/41/25 39/43/25 24/44/25
f 15/41/26 1/40/26 26/45/26 39/43/26
f 39/43/27 26/45/27 10/1/27 29/35/27
f 24/44/28 39/43/28 29/35/28 12/31/28
f 6/46/29 14/47/29 40/48/29 25/49/29
f 14/47/30 2/42/30 24/44/30 40/48/30
f 40/48/31 24/44/31 12/31/31 30/28/31
f 25/49/32 40/48/32 30/28/32 9/27/32
f 8/50/33 16/51/33 41/52/33 13/53/33
f 16/51/34 7/54/34 27/55/34 41/52/34
f 41/52/35 27/55/35 11/22/35 31/19/35
f 13/53/36 41/52/36 31/19/36 9/18/36
f 1/40/37 23/56/37 42/57/37 26/45/37
f 23/56/38 5/58/38 22/59/38 42/57/38
f 42/57/39 22/59/39 11/5/39 32/2/39
f 26/45/40 42/57/40 32/2/40 10/1/40
f 43/60/41 45/61/41 108/62/41 44/63/41
f 44/64/42 49/65/42 46/66/42 43/67/42
f 46/68/43 48/69/43 45/70/43 43/71/43
f 49/65/44 51/72/44 47/73/44 46/66/44
f 47/74/45 61/75/45 48/69/45 46/68/45
f 50/76/46 52/77/46 51/72/46 49/65/46
f 88/78/47 50/76/47 49/65/47 44/64/47
f 52/77/48 54/79/48 53/80/48 51/72/48
f 51/72/49 53/80/49 56/81/49 47/73/49
f 54/79/50 74/82/50 55/83/50 53/80/50
f 53/80/51 55/83/51 57/84/51 56/81/51
f 56/85/52 58/86/52 61/75/52 47/74/52
f 57/84/53 59/87/53 58/86/53 56/85/53
f 59/87/54 71/88/54 60/89/54 58/86/54
f 58/86/55 60/89/55 62/90/55 61/75/55
f 61/75/56 62/90/56 63/91/56 48/69/56
f 64/92/57 66/93/57 63/94/57 62/95/57
f 67/96/58 64/92/58 62/95/58 60/97/58
f 68/98/59 65/99/59 64/92/59 67/96/59
f 65/99/60 104/100/60 66/93/60 64/92/60
f 70/101/61 68/98/61 67/96/61 69/102/61
f 69/102/62 67/96/62 60/97/62 71/88/62
f 73/103/63 70/101/63 69/102/63 72/104/63
f 72/104/64 69/102/64 71/88/64 59/87/64
f 74/82/65 73/103/65 72/104/65 55/83/65
f 55/83/66 72/104/66 59/87/66 57/84/66
f 75/105/67 77/106/67 70/101/67 73/103/67
f 78/107/68 75/105/68 73/103/68 74/82/68
f 76/108/69 100/109/69 77/106/69 75/105/69
f 79/110/70 76/108/70 75/105/70 78/107/70
f 80/111/71 78/107/71 74/82/71 54/79/71
f 81/112/72 79/110/72 78/107/72 80/111/72
f 83/113/73 81/112/73 80/111/73 82/114/73
f 82/114/74 80/111/74 54/79/74 52/77/74
f 85/115/75 83/113/75 82/114/75 84/116/75
f 84/116/76 82/114/76 52/77/76 50/76/76
f 87/117/77 85/115/77 84/116/77 86/118/77
f 86/118/78 84/116/78 50/76/78 88/78/78
f 86/119/79 89/120/79 92/121/79 87/122/79
f 88/123/80 90/124/80 89/120/80 86/119/80
f 90/124/81 105/125/81 91/126/81 89/120/81
f 89/120/82 91/126/82 93/127/82 92/121/82
f 92/121/83 93/127/83 95/128/83 94/129/83
f 87/122/84 92/121/84 94/129/84 85/130/84
f 94/129/85 95/128/85 97/131/85 96/132/85
f 85/130/86 94/129/86 96/132/86 83/133/86
f 96/132/87 97/131/87 99/134/87 98/135/87
f 83/133/88 96/132/88 98/135/88 81/136/88
f 98/135/89 99/134/89 100/109/89 76/108/89
f 81/136/90 98/135/90 76/108/90 79/110/90
f 99/137/91 97/138/91 102/139/91 101/140/91
f 100/109/92 99/137/92 101/140/92 77/106/92
f 101/140/93 102/139/93 65/99/93 68/98/93
f 77/106/94 101/140/94 68/98/94 70/101/94
f 97/138/95 95/141/95 103/142/95 102/139/95
f 102/139/96 103/142/96 104/100/96 65/99/96
f 95/141/97 93/143/97 91/144/97 103/142/97
f 103/142/98 91/144/98 105/145/98 104/100/98
f 104/100/99 105/145/99 106/146/99 66/93/99
f 108/62/100 106/147/100 105/125/100 90/124/100
f 45/61/101 107/148/101 106/147/101 108/62/101
f 66/93/102 106/146/102 107/149/102 63/94/102
f 44/63/103 108/62/103 90/124/103 88/123/103
f 48/69/104 63/91/104 107/150/104 45/70/104
f 109/151/105 112/152/105 114/153/105 110/154/105
f 110/155/106 118/156/106 111/157/106 109/158/106
f 111/157/107 115/159/107 112/160/107 109/161/107
f 112/152/108 113/162/108 126/163/108 114/153/108
f 115/159/109 116/164/109 113/165/109 112/160/109
f 118/156/110 117/166/110 115/159/110 111/157/110
f 117/166/111 119/167/111 116/164/111 115/159/111
f 121/168/112 120/169/112 117/166/112 118/156/112
f 120/169/113 122/170/113 119/167/113 117/166/113
f 124/171/114 123/172/114 120/169/114 121/168/114
f 123/172/115 125/173/115 122/170/115 120/169/115
f 110/154/116 114/153/116 123/172/116 124/171/116
f 114/153/117 126/163/117 125/173/117 123/172/117
f 122/170/118 125/174/118 126/175/118 119/167/118
f 119/167/119 126/175/119 113/176/119 116/164/119
f 124/177/120 121/168/120 118/156/120 110/155/120
f 128/178/121 131/179/121 130/180/121 127/181/121
f 127/182/122 129/183/122 134/184/122 128/185/122
f 130/180/123 132/186/123 129/187/123 127/188/123
f 131/179/124 133/189/124 132/186/124 130/180/124
f 133/189/125 134/190/125 129/191/125 132/186/125
f 128/185/126 134/184/126 133/189/126 131/179/126
f 135/192/127 137/193/127 144/194/127 136/195/127
f 136/196/128 140/197/128 138/198/128 135/199/128
f 138/198/129 139/200/129 137/201/129 135/202/129
f 140/197/130 142/203/130 139/200/130 138/198/130
f 141/204/131 143/205/131 142/203/131 140/197/131
f 146/206/132 141/204/132 140/197/132 136/196/132
f 142/203/133 144/207/133 137/208/133 139/200/133
f 143/205/134 145/209/134 144/207/134 142/203/134
f 136/195/135 144/194/135 145/210/135 146/211/135
f 146/211/136 145/210/136 143/205/136 141/204/136
f 147/212/122 149/213/122 156/214/122 148/215/122
f 148/216/137 152/217/137 150/218/137 147/219/137
f 150/218/138 151/220/138 149/221/138 147/222/138
f 152/217/124 154/223/124 151/220/124 150/218/124
f 153/224/124 155/225/124 154/223/124 152/217/124
f 158/226/139 153/224/139 152/217/139 148/216/139
f 154/223/140 156/227/140 149/228/140 151/220/140
f 155/225/141 157/229/141 156/227/141 154/223/141
f 148/215/122 156/214/122 157/230/122 158/231/122
f 158/231/142 157/230/142 155/225/142 153/224/142
f 159/232/143 162/233/143 164/234/143 160/235/143
f 160/236/144 174/237/144 161/238/144 159/239/144
f 161/238/145 163/240/145 162/241/145 159/242/145
f 163/240/146 167/243/146 165/244/146 162/241/146
f 162/233/147 165/245/147 168/246/147 164/234/147
f 167/243/148 173/247/148 166/248/148 165/244/148
f 165/245/149 166/249/149 169/250/149 168/246/149
f 164/234/150 168/246/150 170/251/150 171/252/150
f 168/246/151 169/250/151 172/253/151 170/251/151
f 171/252/152 170/251/152 167/243/152 163/240/152
f 170/251/153 172/253/153 173/247/153 167/243/153
f 172/253/154 169/254/154 166/255/154 173/247/154
f 160/235/155 164/234/155 171/252/155 174/237/155
f 174/237/156 171/252/156 163/240/156 161/238/156
f 175/256/157 178/257/157 181/258/157 176/259/157
f 176/260/158 184/261/158 177/262/158 175/263/158
f 177/262/159 180/264/159 178/265/159 175/266/159
f 180/264/160 186/267/160 179/268/160 178/265/160
f 178/257/122 179/269/122 182/270/122 181/258/122
f 176/259/161 181/258/161 183/271/161 184/261/161
f 181/258/162 182/270/162 185/272/162 183/271/162
f 184/261/163 183/271/163 180/264/163 177/262/163
f 183/271/124 185/272/124 186/267/124 180/264/124
f 185/272/164 182/273/164 179/274/164 186/267/164
f 187/275/165 189/276/165 196/277/165 188/278/165
f 188/279/166 192/280/166 190/281/166 187/282/166
f 190/281/167 191/283/167 189/284/167 187/285/167
f 192/280/168 194/286/168 191/283/168 190/281/168
f 193/287/169 195/288/169 194/286/169 192/280/169
f 198/289/170 193/287/170 192/280/170 188/279/170
f 194/286/171 196/290/171 189/291/171 191/283/171
f 195/288/172 197/292/172 196/290/172 194/286/172
f 188/278/173 196/277/173 197/293/173 198/294/173
f 198/294/174 197/293/174 195/288/174 193/287/174
f 199/295/175 202/296/175 204/297/175 200/298/175
f 200/299/176 208/300/176 201/301/176 199/302/176
f 201/301/177 205/303/177 202/304/177 199/305/177
f 202/296/178 203/306/178 216/307/178 204/297/178
f 205/303/179 206/308/179 203/309/179 202/304/179
f 208/300/180 207/310/180 205/303/180 201/301/180
f 207/310/181 209/311/181 206/308/181 205/303/181
f 211/312/182 210/313/182 207/310/182 208/300/182
f 210/313/183 212/314/183 209/311/183 207/310/183
f 214/315/184 213/316/184 210/313/184 211/312/184
f 213/316/185 215/317/185 212/314/185 210/313/185
f 200/298/186 204/297/186 213/316/186 214/315/186
f 204/297/187 216/307/187 215/317/187 213/316/187
f 212/314/188 215/318/188 216/319/188 209/311/188
f 209/311/189 216/319/189 203/320/189 206/308/189
f 214/321/190 211/312/190 208/300/190 200/299/190
f 218/322/191 221/323/191 220/324/191 217/325/191
f 217/326/192 219/327/192 224/328/192 218/329/192
f 220/324/193 222/330/193 219/331/193 217/332/193
f 221/323/194 223/333/194 222/330/194 220/324/194
f 223/333/195 224/334/195 219/335/195 222/330/195
f 218/329/196 224/328/196 223/333/196 221/323/196
f 225/336/197 227/337/197 234/338/197 226/339/197
f 226/340/198 230/341/198 228/342/198 225/343/198
f 228/342/199 229/344/199 227/345/199 225/346/199
f 230/341/200 232/347/200 229/344/200 228/342/200
f 231/348/201 233/349/201 232/347/201 230/341/201
f 236/350/202 231/348/202 230/341/202 226/340/202
f 232/347/203 234/351/203 227/352/203 229/344/203
f 233/349/204 235/353/204 234/351/204 232/347/204
f 226/339/205 234/338/205 235/354/205 236/355/205
f 236/355/206 235/354/206 233/349/206 231/348/206
f 237/356/192 239/357/192 246/358/192 238/359/192
f 238/360/207 242/361/207 240/362/207 237/363/207
f 240/362/208 241/364/208 239/365/208 237/366/208
f 242/361/194 244/367/194 241/364/194 240/362/194
f 243/368/194 245/369/194 244/367/194 242/361/194
f 248/370/209 243/368/209 242/361/209 238/360/209
f 244/367/210 246/371/210 239/372/210 241/364/210
f 245/369/211 247/373/211 246/371/211 244/367/211
f 238/359/192 246/358/192 247/374/192 248/375/192
f 248/375/212 247/374/212 245/369/212 243/368/212
f 249/376/213 252/377/213 254/378/213 250/379/213
f 250/380/214 264/381/214 251/382/214 249/383/214
f 251/382/215 253/384/215 252/385/215 249/386/215
f 253/384/216 257/387/216 255/388/216 252/385/216
f 252/377/217 255/389/217 258/390/217 254/378/217
f 257/387/218 263/391/218 256/392/218 255/388/218
f 255/389/219 256/393/219 259/394/219 258/390/219
f 254/378/220 258/390/220 260/395/220 261/396/220
f 258/390/221 259/394/221 262/397/221 260/395/221
f 261/396/222 260/395/222 257/387/222 253/384/222
f 260/395/223 262/397/223 263/391/223 257/387/223
f 262/397/224 259/398/224 256/399/224 263/391/224
f 250/379/225 254/378/225 261/396/225 264/381/225
f 264/381/226 261/396/226 253/384/226 251/382/226
f 265/400/227 268/401/227 271/402/227 266/403/227
f 266/404/228 274/405/228 267/406/228 265/407/228
f 267/406/229 270/408/229 268/409/229 265/410/229
f 270/408/230 276/411/230 269/412/230 268/409/230
f 268/401/192 269/413/192 272/414/192 271/402/192
f 266/403/231 271/402/231 273/415/231 274/405/231
f 271/402/232 272/414/232 275/416/232 273/415/232
f 274/405/233 273/415/233 270/408/233 267/406/233
f 273/415/194 275/416/194 276/411/194 270/408/194
f 275/416/234 272/417/234 269/418/234 276/411/234
f 277/419/235 279/420/235 286/421/235 278/422/235
f 278/423/236 282/424/236 280/425/236 277/426/236
f 280/425/237 281/427/237 279/428/237 277/429/237
f 282/424/238 284/430/238 281/427/238 280/425/238
f 283/431/239 285/432/239 284/430/239 282/424/239
f 288/433/240 283/431/240 282/424/240 278/423/240
f 284/430/241 286/434/241 279/435/241 281/427/241
f 285/432/242 287/436/242 286/434/242 284/430/242
f 278/422/243 286/421/243 287/437/243 288/438/243
f 288/438/244 287/437/244 285/432/244 283/431/244
f 289/439/245 292/440/245 294/441/245 290/442/245
f 290/443/246 298/444/246 291/445/246 289/446/246
f 291/445/247 295/447/247 292/448/247 289/449/247
f 292/440/248 293/450/248 306/451/248 294/441/248
f 295/447/249 296/452/249 293/453/249 292/448/249
f 298/444/250 297/454/250 295/447/250 291/445/250
f 297/454/251 299/455/251 296/452/251 295/447/251
f 301/456/252 300/457/252 297/454/252 298/444/252
f 300/457/253 302/458/253 299/455/253 297/454/253
f 304/459/254 303/460/254 300/457/254 301/456/254
f 303/460/255 305/461/255 302/458/255 300/457/255
f 290/442/256 294/441/256 303/460/256 304/459/256
f 294/441/257 306/451/257 305/461/257 303/460/257
f 302/458/258 305/462/258 306/463/258 299/455/258
f 299/455/259 306/463/259 293/464/259 296/452/259
f 304/465/260 301/456/260 298/444/260 290/443/260
f 308/466/261 311/467/261 310/468/261 307/469/261
f 307/470/262 309/471/262 314/472/262 308/473/262
f 310/468/263 312/474/263 309/475/263 307/476/263
f 311/467/264 313/477/264 312/474/264 310/468/264
f 313/477/265 314/478/265 309/479/265 312/474/265
f 308/473/266 314/472/266 313/477/266 311/467/266
f 315/480/267 317/481/267 324/482/267 316/483/267
f 316/484/268 320/485/268 318/486/268 315/487/268
f 318/486/269 319/488/269 317/489/269 315/490/269
f 320/485/270 322/491/270 319/488/270 318/486/270
f 321/492/271 323/493/271 322/491/271 320/485/271
f 326/494/272 321/492/272 320/485/272 316/484/272
f 322/491/273 324/495/273 317/496/273 319/488/273
f 323/493/274 325/497/274 324/495/274 322/491/274
f 316/483/275 324/482/275 325/498/275 326/499/275
f 326/499/276 325/498/276 323/493/276 321/492/276
f 327/500/262 329/501/262 336/502/262 328/503/262
f 328/504/277 332/505/277 330/506/277 327/507/277
f 330/506/278 331/508/278 329/509/278 327/510/278
f 332/505/264 334/511/264 331/508/264 330/506/264
f 333/512/264 335/513/264 334/511/264 332/505/264
f 338/514/279 333/512/279 332/505/279 328/504/279
f 334/511/280 336/515/280 329/516/280 331/508/280
f 335/513/281 337/517/281 336/515/281 334/511/281
f 328/503/262 336/502/262 337/518/262 338/519/262
f 338/519/282 337/518/282 335/513/282 333/512/282
f 339/520/283 342/521/283 344/522/283 340/523/283
f 340/524/284 354/525/284 341/526/284 339/527/284
f 341/526/285 343/528/285 342/529/285 339/530/285
f 343/528/286 347/531/286 345/532/286 342/529/286
f 342/521/287 345/533/287 348/534/287 344/522/287
f 347/531/288 353/535/288 346/536/288 345/532/288
f 345/533/289 346/537/289 349/538/289 348/534/289
f 344/522/290 348/534/290 350/539/290 351/540/290
f 348/534/291 349/538/291 352/541/291 350/539/291
f 351/540/292 350/539/292 347/531/292 343/528/292
f 350/539/293 352/541/293 353/535/293 347/531/293
f 352/541/294 349/542/294 346/543/294 353/535/294
f 340/523/295 344/522/295 351/540/295 354/525/295
f 354/525/296 351/540/296 343/528/296 341/526/296
f 355/544/297 358/545/297 361/546/297 356/547/297
f 356/548/298 364/549/298 357/550/298 355/551/298
f 357/550/299 360/552/299 358/553/299 355/554/299
f 360/552/300 366/555/300 359/556/300 358/553/300
f 358/545/262 359/557/262 362/558/262 361/546/262
f 356/547/301 361/546/301 363/559/301 364/549/301
f 361/546/302 362/558/302 365/560/302 363/559/302
f 364/549/303 363/559/303 360/552/303 357/550/303
f 363/559/264 365/560/264 366/555/264 360/552/264
f 365/560/304 362/561/304 359/562/304 366/555/304
f 367/563/305 369/564/305 376/565/305 368/566/305
f 368/567/306 372/568/306 370/569/306 367/570/306
f 370/569/307 371/571/307 369/572/307 367/573/307
f 372/568/308 374/574/308 371/571/308 370/569/308
f 373/575/309 375/576/309 374/574/309 372/568/309
f 378/577/310 373/575/310 372/568/310 368/567/310
f 374/574/311 376/578/311 369/579/311 371/571/311
f 375/576/312 377/580/312 376/578/312 374/574/312
f 368/566/313 376/565/313 377/581/313 378/582/313
f 378/582/314 377/581/314 375/576/314 373/575/314
f 379/583/315 382/584/315 384/585/315 380/586/315
f 380/587/316 388/588/316 381/589/316 379/590/316
f 381/589/317 385/591/317 382/592/317 379/593/317
f 382/584/318 383/594/318 396/595/318 384/585/318
f 385/591/319 386/596/319 383/597/319 382/592/319
f 388/588/320 387/598/320 385/591/320 381/589/320
f 387/598/321 389/599/321 386/596/321 385/591/321
f 391/600/322 390/601/322 387/598/322 388/588/322
f 390/601/323 392/602/323 389/599/323 387/598/323
f 394/603/324 393/604/324 390/601/324 391/600/324
f 393/604/325 395/605/325 392/602/325 390/601/325
f 380/586/326 384/585/326 393/604/326 394/603/326
f 384/585/327 396/595/327 395/605/327 393/604/327
f 392/602/328 395/606/328 396/607/328 389/599/328
f 389/599/329 396/607/329 383/608/329 386/596/329
f 394/609/330 391/600/330 388/588/330 380/587/330
f 398/610/331 401/611/331 400/612/331 397/613/331
f 397/614/332 399/615/332 404/616/332 398/617/332
f 400/612/333 402/618/333 399/619/333 397/620/333
f 401/611/334 403/621/334 402/618/334 400/612/334
f 403/621/335 404/622/335 399/623/335 402/618/335
f 398/617/336 404/616/336 403/621/336 401/611/336
f 405/624/337 407/625/337 414/626/337 406/627/337
f 406/628/338 410/629/338 408/630/338 405/631/338
f 408/630/339 409/632/339 407/633/339 405/634/339
f 410/629/340 412/635/340 409/632/340 408/630/340
f 411/636/341 413/637/341 412/635/341 410/629/341
f 416/638/342 411/636/342 410/629/342 406/628/342
f 412/635/343 414/639/343 407/640/343 409/632/343
f 413/637/344 415/641/344 414/639/344 412/635/344
f 406/627/345 414/626/345 415/642/345 416/643/345
f 416/643/346 415/642/346 413/637/346 411/636/346
f 417/644/332 419/645/332 426/646/332 418/647/332
f 418/648/347 422/649/347 420/650/347 417/651/347
f 420/650/348 421/652/348 419/653/348 417/654/348
f 422/649/334 424/655/334 421/652/334 420/650/334
f 423/656/334 425/657/334 424/655/334 422/649/334
f 428/658/349 423/656/349 422/649/349 418/648/349
f 424/655/350 426/659/350 419/660/350 421/652/350
f 425/657/351 427/661/351 426/659/351 424/655/351
f 418/647/332 426/646/332 427/662/332 428/663/332
f 428/663/352 427/662/352 425/657/352 423/656/352
f 429/664/353 432/665/353 434/666/353 430/667/353
f 430/668/354 444/669/354 431/670/354 429/671/354
f 431/670/355 433/672/355 432/673/355 429/674/355
f 433/672/356 437/675/356 435/676/356 432/673/356
f 432/665/357 435/677/357 438/678/357 434/666/357
f 437/675/358 443/679/358 436/680/358 435/676/358
f 435/677/359 436/681/359 439/682/359 438/678/359
f 434/666/360 438/678/360 440/683/360 441/684/360
f 438/678/361 439/682/361 442/685/361 440/683/361
f 441/684/362 440/683/362 437/675/362 433/672/362
f 440/683/363 442/685/363 443/679/363 437/675/363
f 442/685/364 439/686/364 436/687/364 443/679/364
f 430/667/365 434/666/365 441/684/365 444/669/365
f 444/669/366 441/684/366 433/672/366 431/670/366
f 445/688/367 448/689/367 451/690/367 446/691/367
f 446/692/368 454/693/368 447/694/368 445/695/368
f 447/694/369 450/696/369 448/697/369 445/698/369
f 450/696/370 456/699/370 449/700/370 448/697/370
f 448/689/332 449/701/332 452/702/332 451/690/332
f 446/691/371 451/690/371 453/703/371 454/693/371
f 451/690/372 452/702/372 455/704/372 453/703/372
f 454/693/373 453/703/373 450/696/373 447/694/373
f 453/703/334 455/704/334 456/699/334 450/696/334
f 455/704/374 452/705/374 449/706/374 456/699/374
f 457/707/375 459/708/375 466/709/375 458/710/375
f 458/711/376 462/712/376 460/713/376 457/714/376
f 460/713/377 461/715/377 459/716/377 457/717/377
f 462/712/378 464/718/378 461/715/378 460/713/378
f 463/719/379 465/720/379 464/718/379 462/712/379
f 468/721/380 463/719/380 462/712/380 458/711/380
f 464/718/381 466/722/381 459/723/381 461/715/381
f 465/720/382 467/724/382 466/722/382 464/718/382
f 458/710/383 466/709/383 467/725/383 468/726/383
f 468/726/384 467/725/384 465/720/384 463/719/384
f 469/727/385 472/728/385 474/729/385 470/730/385
f 470/731/386 478/732/386 471/733/386 469/734/386
f 471/733/387 475/735/387 472/736/387 469/737/387
f 472/728/388 473/738/388 486/739/388 474/729/388
f 475/735/389 476/740/389 473/741/389 472/736/389
f 478/732/390 477/742/390 475/735/390 471/733/390
f 477/742/391 479/743/391 476/740/391 475/735/391
f 481/744/392 480/745/392 477/742/392 478/732/392
f 480/745/393 482/746/393 479/743/393 477/742/393
f 484/747/394 483/748/394 480/745/394 481/744/394
f 483/748/395 485/749/395 482/746/395 480/745/395
f 470/730/396 474/729/396 483/748/396 484/747/396
f 474/729/397 486/739/397 485/749/397 483/748/397
f 482/746/398 485/750/398 486/751/398 479/743/398
f 479/743/399 486/751/399 473/752/399 476/740/399
f 484/753/400 481/744/400 478/732/400 470/731/400
f 488/754/401 491/755/401 490/756/401 487/757/401
f 487/758/402 489/759/402 494/760/402 488/761/402
f 490/756/403 492/762/403 489/763/403 487/764/403
f 491/755/404 493/765/404 492/762/404 490/756/404
f 493/765/405 494/766/405 489/767/405 492/762/405
f 488/761/406 494/760/406 493/765/406 491/755/406
f 495/768/407 497/769/407 504/770/407 496/771/407
f 496/772/408 500/773/408 498/774/408 495/775/408
f 498/774/409 499/776/409 497/777/409 495/778/409
f 500/773/410 502/779/410 499/776/410 498/774/410
f 501/780/411 503/781/411 502/779/411 500/773/411
f 506/782/412 501/780/412 500/773/412 496/772/412
f 502/779/413 504/783/413 497/784/413 499/776/413
f 503/781/414 505/785/414 504/783/414 502/779/414
f 496/771/415 504/770/415 505/786/415 506/787/415
f 506/787/416 505/786/416 503/781/416 501/780/416
f 507/788/402 509/789/402 516/790/402 508/791/402
f 508/792/417 512/793/417 510/794/417 507/795/417
f 510/794/418 511/796/418 509/797/418 507/798/418
f 512/793/404 514/799/404 511/796/404 510/794/404
f 513/800/404 515/801/404 514/799/404 512/793/404
f 518/802/419 513/800/419 512/793/419 508/792/419
f 514/799/420 516/803/420 509/804/420 511/796/420
f 515/801/421 517/805/421 516/803/421 514/799/421
f 508/791/402 516/790/402 517/806/402 518/807/402
f 518/807/422 517/806/422 515/801/422 513/800/422
f 519/808/423 522/809/423 524/810/423 520/811/423
f 520/812/424 534/813/424 521/814/424 519/815/424
f 521/814/425 523/816/425 522/817/425 519/818/425
f 523/816/426 527/819/426 525/820/426 522/817/426
f 522/809/427 525/821/427 528/822/427 524/810/427
f 527/819/428 533/823/428 526/824/428 525/820/428
f 525/821/429 526/825/429 529/826/429 528/822/429
f 524/810/430 528/822/430 530/827/430 531/828/430
f 528/822/431 529/826/431 532/829/431 530/827/431
f 531/828/432 530/827/432 527/819/432 523/816/432
f 530/827/433 532/829/433 533/823/433 527/819/433
f 532/829/434 529/830/434 526/831/434 533/823/434
f 520/811/435 524/810/435 531/828/435 534/813/435
f 534/813/436 531/828/436 523/816/436 521/814/436
f 535/832/437 538/833/437 541/834/437 536/835/437
f 536/836/438 544/837/438 537/838/438 535/839/438
f 537/838/439 540/840/439 538/841/439 535/842/439
f 540/840/440 546/843/440 539/844/440 538/841/440
f 538/833/402 539/845/402 542/846/402 541/834/402
f 536/835/441 541/834/441 543/847/441 544/837/441
f 541/834/442 542/846/442 545/848/442 543/847/442
f 544/837/443 543/847/443 540/840/443 537/838/443
f 543/847/404 545/848/404 546/843/404 540/840/404
f 545/848/444 542/849/444 539/850/444 546/843/444
f 547/851/445 549/852/445 556/853/445 548/854/445
f 548/855/446 552/856/446 550/857/446 547/858/446
f 550/857/447 551/859/447 549/860/447 547/861/447
f 552/856/448 554/862/448 551/859/448 550/857/448
f 553/863/449 555/864/449 554/862/449 552/856/449
f 558/865/450 553/863/450 552/856/450 548/855/450
f 554/862/451 556/866/451 549/867/451 551/859/451
f 555/864/452 557/868/452 556/866/452 554/862/452
f 548/854/453 556/853/453 557/869/453 558/870/453
f 558/870/454 557/869/454 555/864/454 553/863/454
f 559/871/455 562/872/455 564/873/455 560/874/455
f 560/875/456 568/876/456 561/877/456 559/878/456
f 561/877/457 565/879/457 562/880/457 559/881/457
f 562/872/458 563/882/458 576/883/458 564/873/458
f 565/879/459 566/884/459 563/885/459 562/880/459
f 568/876/460 567/886/460 565/879/460 561/877/460
f 567/886/461 569/887/461 566/884/461 565/879/461
f 571/888/462 570/889/462 567/886/462 568/876/462
f 570/889/463 572/890/463 569/887/463 567/886/463
f 574/891/464 573/892/464 570/889/464 571/888/464
f 573/892/465 575/893/465 572/890/465 570/889/465
f 560/874/466 564/873/466 573/892/466 574/891/466
f 564/873/467 576/883/467 575/893/467 573/892/467
f 572/890/468 575/894/468 576/895/468 569/887/468
f 569/887/469 576/895/469 563/896/469 566/884/469
f 574/897/470 571/888/470 568/876/470 560/875/470
f 578/898/471 581/899/471 580/900/471 577/901/471
f 577/902/472 579/903/472 584/904/472 578/905/472
f 580/900/473 582/906/473 579/907/473 577/908/473
f 581/899/474 583/909/474 582/906/474 580/900/474
f 583/909/475 584/910/475 579/911/475 582/906/475
f 578/905/476 584/904/476 583/909/476 581/899/476
f 585/912/477 587/913/477 594/914/477 586/915/477
f 586/916/478 590/917/478 588/918/478 585/919/478
f 588/918/479 589/920/479 587/921/479 585/922/479
f 590/917/480 592/923/480 589/920/480 588/918/480
f 591/924/481 593/925/481 592/923/481 590/917/481
f 596/926/482 591/924/482 590/917/482 586/916/482
f 592/923/483 594/927/483 587/928/483 589/920/483
f 593/925/484 595/929/484 594/927/484 592/923/484
f 586/915/485 594/914/485 595/930/485 596/931/485
f 596/931/486 595/930/486 593/925/486 591/924/486
f 597/932/472 599/933/472 606/934/472 598/935/472
f 598/936/487 602/937/487 600/938/487 597/939/487
f 600/938/488 601/940/488 599/941/488 597/942/488
f 602/937/474 604/943/474 601/940/474 600/938/474
f 603/944/474 605/945/474 604/943/474 602/937/474
f 608/946/489 603/944/489 602/937/489 598/936/489
f 604/943/490 606/947/490 599/948/490 601/940/490
f 605/945/491 607/949/491 606/947/491 604/943/491
f 598/935/472 606/934/472 607/950/472 608/951/472
f 608/951/492 607/950/492 605/945/492 603/944/492
f 609/952/493 612/953/493 614/954/493 610/955/493
f 610/956/494 624/957/494 611/958/494 609/959/494
f 611/958/495 613/960/495 612/961/495 609/962/495
f 613/960/496 617/963/496 615/964/496 612/961/496
f 612/953/497 615/965/497 618/966/497 614/954/497
f 617/963/498 623/967/498 616/968/498 615/964/498
f 615/965/499 616/969/499 619/970/499 618/966/499
f 614/954/500 618/966/500 620/971/500 621/972/500
f 618/966/501 619/970/501 622/973/501 620/971/501
f 621/972/502 620/971/502 617/963/502 613/960/502
f 620/971/503 622/973/503 623/967/503 617/963/503
f 622/973/504 619/974/504 616/975/504 623/967/504
f 610/955/505 614/954/505 621/972/505 624/957/505
f 624/957/506 621/972/506 613/960/506 611/958/506
f 625/976/507 628/977/507 631/978/507 626/979/507
f 626/980/508 634/981/508 627/982/508 625/983/508
f 627/982/509 630/984/509 628/985/509 625/986/509
f 630/984/510 636/987/510 629/988/510 628/985/510
f 628/977/472 629/989/472 632/990/472 631/978/472
f 626/979/511 631/978/511 633/991/511 634/981/511
f 631/978/512 632/990/512 635/992/512 633/991/512
f 634/981/513 633/991/513 630/984/513 627/982/513
f 633/991/474 635/992/474 636/987/474 630/984/474
f 635/992/514 632/993/514 629/994/514 636/987/514
f 637/995/515 639/996/515 646/997/515 638/998/515
f 638/999/516 642/1000/516 640/1001/516 637/1002/516
f 640/1001/517 641/1003/517 639/1004/517 637/1005/517
f 642/1000/518 644/1006/518 641/1003/518 640/1001/518
f 643/1007/519 645/1008/519 644/1006/519 642/1000/519
f 648/1009/520 643/1007/520 642/1000/520 638/999/520
f 644/1006/521 646/1010/521 639/1011/521 641/1003/521
f 645/1008/522 647/1012/522 646/1010/522 644/1006/522
f 638/998/523 646/997/523 647/1013/523 648/1014/523
f 648/1014/524 647/1013/524 645/1008/524 643/1007/524
f 649/1015/525 652/1016/525 654/1017/525 650/1018/525
f 650/1019/526 658/1020/526 651/1021/526 649/1022/526
f 651/1021/527 655/1023/527 652/1024/527 649/1025/527
f 652/1016/528 653/1026/528 666/1027/528 654/1017/528
f 655/1023/529 656/1028/529 653/1029/529 652/1024/529
f 658/1020/530 657/1030/530 655/1023/530 651/1021/530
f 657/1030/531 659/1031/531 656/1028/531 655/1023/531
f 661/1032/532 660/1033/532 657/1030/532 658/1020/532
f 660/1033/533 662/1034/533 659/1031/533 657/1030/533
f 664/1035/534 663/1036/534 660/1033/534 661/1032/534
f 663/1036/535 665/1037/535 662/1034/535 660/1033/535
f 650/1018/536 654/1017/536 663/1036/536 664/1035/536
f 654/1017/537 666/1027/537 665/1037/537 663/1036/537
f 662/1034/538 665/1038/538 666/1039/538 659/1031/538
f 659/1031/539 666/1039/539 653/1040/539 656/1028/539
f 664/1041/540 661/1032/540 658/1020/540 650/1019/540
f 668/1042/541 671/1043/541 670/1044/541 667/1045/541
f 667/1046/542 669/1047/542 674/1048/542 668/1049/542
f 670/1044/543 672/1050/543 669/1051/543 667/1052/543
f 671/1043/544 673/1053/544 672/1050/544 670/1044/544
f 673/1053/545 674/1054/545 669/1055/545 672/1050/545
f 668/1049/546 674/1048/546 673/1053/546 671/1043/546
f 675/1056/547 677/1057/547 684/1058/547 676/1059/547
f 676/1060/548 680/1061/548 678/1062/548 675/1063/548
f 678/1062/549 679/1064/549 677/1065/549 675/1066/549
f 680/1061/550 682/1067/550 679/1064/550 678/1062/550
f 681/1068/551 683/1069/551 682/1067/551 680/1061/551
f 686/1070/552 681/1068/552 680/1061/552 676/1060/552
f 682/1067/553 684/1071/553 677/1072/553 679/1064/553
f 683/1069/554 685/1073/554 684/1071/554 682/1067/554
f 676/1059/555 684/1058/555 685/1074/555 686/1075/555
f 686/1075/556 685/1074/556 683/1069/556 681/1068/556
f 687/1076/542 689/1077/542 696/1078/542 688/1079/542
f 688/1080/557 692/1081/557 690/1082/557 687/1083/557
f 690/1082/558 691/1084/558 689/1085/558 687/1086/558
f 692/1081/544 694/1087/544 691/1084/544 690/1082/544
f 693/1088/544 695/1089/544 694/1087/544 692/1081/544
f 698/1090/559 693/1088/559 692/1081/559 688/1080/559
f 694/1087/560 696/1091/560 689/1092/560 691/1084/560
f 695/1089/561 697/1093/561 696/1091/561 694/1087/561
f 688/1079/542 696/1078/542 697/1094/542 698/1095/542
f 698/1095/562 697/1094/562 695/1089/562 693/1088/562
f 699/1096/563 702/1097/563 704/1098/563 700/1099/563
f 700/1100/564 714/1101/564 701/1102/564 699/1103/564
f 701/1102/565 703/1104/565 702/1105/565 699/1106/565
f 703/1104/566 707/1107/566 705/1108/566 702/1105/566
f 702/1097/567 705/1109/567 708/1110/567 704/1098/567
f 707/1107/568 713/1111/568 706/1112/568 705/1108/568
f 705/1109/569 706/1113/569 709/1114/569 708/1110/569
f 704/1098/570 708/1110/570 710/1115/570 711/1116/570
f 708/1110/571 709/1114/571 712/1117/571 710/1115/571
f 711/1116/572 710/1115/572 707/1107/572 703/1104/572
f 710/1115/573 712/1117/573 713/1111/573 707/1107/573
f 712/1117/574 709/1118/574 706/1119/574 713/1111/574
f 700/1099/575 704/1098/575 711/1116/575 714/1101/575
f 714/1101/576 711/1116/576 703/1104/576 701/1102/576
f 715/1120/577 718/1121/577 721/1122/577 716/1123/577
f 716/1124/578 724/1125/578 717/1126/578 715/1127/578
f 717/1126/579 720/1128/579 718/1129/579 715/1130/579
f 720/1128/580 726/1131/580 719/1132/580 718/1129/580
f 718/1121/542 719/1133/542 722/1134/542 721/1122/542
f 716/1123/581 721/1122/581 723/1135/581 724/1125/581
f 721/1122/582 722/1134/582 725/1136/582 723/1135/582
f 724/1125/583 723/1135/583 720/1128/583 717/1126/583
f 723/1135/544 725/1136/544 726/1131/544 720/1128/544
f 725/1136/584 722/1137/584 719/1138/584 726/1131/584
f 727/1139/585 729/1140/585 736/1141/585 728/1142/585
f 728/1143/586 732/1144/586 730/1145/586 727/1146/586
f 730/1145/587 731/1147/587 729/1148/587 727/1149/587
f 732/1144/588 734/1150/588 731/1147/588 730/1145/588
f 733/1151/589 735/1152/589 734/1150/589 732/1144/589
f 738/1153/590 733/1151/590 732/1144/590 728/1143/590
f 734/1150/591 736/1154/591 729/1155/591 731/1147/591
f 735/1152/592 737/1156/592 736/1154/592 734/1150/592
f 728/1142/593 736/1141/593 737/1157/593 738/1158/593
f 738/1158/594 737/1157/594 735/1152/594 733/1151/594
f 739/1159/595 742/1160/595 744/1161/595 740/1162/595
f 740/1163/596 748/1164/596 741/1165/596 739/1166/596
f 741/1165/597 745/1167/597 742/1168/597 739/1169/597
f 742/1160/598 743/1170/598 756/1171/598 744/1161/598
f 745/1167/599 746/1172/599 743/1173/599 742/1168/599
f 748/1164/600 747/1174/600 745/1167/600 741/1165/600
f 747/1174/601 749/1175/601 746/1172/601 745/1167/601
f 751/1176/602 750/1177/602 747/1174/602 748/1164/602
f 750/1177/603 752/1178/603 749/1175/603 747/1174/603
f 754/1179/604 753/1180/604 750/1177/604 751/1176/604
f 753/1180/605 755/1181/605 752/1178/605 750/1177/605
f 740/1162/606 744/1161/606 753/1180/606 754/1179/606
f 744/1161/607 756/1171/607 755/1181/607 753/1180/607
f 752/1178/608 755/1182/608 756/1183/608 749/1175/608
f 749/1175/609 756/1183/609 743/1184/609 746/1172/609
f 754/1185/610 751/1176/610 748/1164/610 740/1163/610
f 758/1186/611 761/1187/611 760/1188/611 757/1189/611
f 757/1190/612 759/1191/612 764/1192/612 758/1193/612
f 760/1188/613 762/1194/613 759/1195/613 757/1196/613
f 761/1187/614 763/1197/614 762/1194/614 760/1188/614
f 763/1197/615 764/1198/615 759/1199/615 762/1194/615
f 758/1193/616 764/1192/616 763/1197/616 761/1187/616
f 765/1200/617 767/1201/617 774/1202/617 766/1203/617
f 766/1204/618 770/1205/618 768/1206/618 765/1207/618
f 768/1206/619 769/1208/619 767/1209/619 765/1210/619
f 770/1205/620 772/1211/620 769/1208/620 768/1206/620
f 771/1212/621 773/1213/621 772/1211/621 770/1205/621
f 776/1214/622 771/1212/622 770/1205/622 766/1204/622
f 772/1211/623 774/1215/623 767/1216/623 769/1208/623
f 773/1213/624 775/1217/624 774/1215/624 772/1211/624
f 766/1203/625 774/1202/625 775/1218/625 776/1219/625
f 776/1219/626 775/1218/626 773/1213/626 771/1212/626
f 777/1220/612 779/1221/612 786/1222/612 778/1223/612
f 778/1224/627 782/1225/627 780/1226/627 777/1227/627
f 780/1226/628 781/1228/628 779/1229/628 777/1230/628
f 782/1225/614 784/1231/614 781/1228/614 780/1226/614
f 783/1232/614 785/1233/614 784/1231/614 782/1225/614
f 788/1234/629 783/1232/629 782/1225/629 778/1224/629
f 784/1231/630 786/1235/630 779/1236/630 781/1228/630
f 785/1233/631 787/1237/631 786/1235/631 784/1231/631
f 778/1223/612 786/1222/612 787/1238/612 788/1239/612
f 788/1239/632 787/1238/632 785/1233/632 783/1232/632
f 789/1240/633 792/1241/633 794/1242/633 790/1243/633
f 790/1244/634 804/1245/634 791/1246/634 789/1247/634
f 791/1246/635 793/1248/635 792/1249/635 789/1250/635
f 793/1248/636 797/1251/636 795/1252/636 792/1249/636
f 792/1241/637 795/1253/637 798/1254/637 794/1242/637
f 797/1251/638 803/1255/638 796/1256/638 795/1252/638
f 795/1253/639 796/1257/639 799/1258/639 798/1254/639
f 794/1242/640 798/1254/640 800/1259/640 801/1260/640
f 798/1254/641 799/1258/641 802/1261/641 800/1259/641
f 801/1260/642 800/1259/642 797/1251/642 793/1248/642
f 800/1259/643 802/1261/643 803/1255/643 797/1251/643
f 802/1261/644 799/1262/644 796/1263/644 803/1255/644
f 790/1243/645 794/1242/645 801/1260/645 804/1245/645
f 804/1245/646 801/1260/646 793/1248/646 791/1246/646
f 805/1264/647 808/1265/647 811/1266/647 806/1267/647
f 806/1268/648 814/1269/648 807/1270/648 805/1271/648
f 807/1270/649 810/1272/649 808/1273/649 805/1274/649
f 810/1272/650 816/1275/650 809/1276/650 808/1273/650
f 808/1265/612 809/1277/612 812/1278/612 811/1266/612
f 806/1267/651 811/1266/651 813/1279/651 814/1269/651
f 811/1266/652 812/1278/652 815/1280/652 813/1279/652
f 814/1269/653 813/1279/653 810/1272/653 807/1270/653
f 813/1279/614 815/1280/614 816/1275/614 810/1272/614
f 815/1280/654 812/1281/654 809/1282/654 816/1275/654
f 817/1283/655 819/1284/655 826/1285/655 818/1286/655
f 818/1287/656 822/1288/656 820/1289/656 817/1290/656
f 820/1289/657 821/1291/657 819/1292/657 817/1293/657
f 822/1288/658 824/1294/658 821/1291/658 820/1289/658
f 823/1295/659 825/1296/659 824/1294/659 822/1288/659
f 828/1297/660 823/1295/660 822/1288/660 818/1287/660
f 824/1294/661 826/1298/661 819/1299/661 821/1291/661
f 825/1296/662 827/1300/662 826/1298/662 824/1294/662
f 818/1286/663 826/1285/663 827/1301/663 828/1302/663
f 828/1302/664 827/1301/664 825/1296/664 823/1295/664
